StartDate,EndDate,Status,IPAddress,Progress,Duration (in seconds),Finished,RecordedDate,ResponseId,RecipientLastName,RecipientFirstName,RecipientEmail,ExternalReference,LocationLatitude,LocationLongitude,DistributionChannel,UserLanguage,Q1,Q2,Q3,Q4,Q5,Q6,Q7,Q8,Q9,Q10,Q13,Q14,Q15,Q16,F-1-1,F-1-1-1,F-1-2,F-1-1-2,F-1-3,F-1-1-3,F-1-4,F-1-1-4,F-1-5,F-1-1-5,F-1-6,F-1-1-6,F-1-7,F-1-1-7,F-1-8,F-1-1-8,F-1-9,F-1-1-9,F-1-10,F-1-1-10,F-1-11,F-1-1-11,F-1-12,F-1-1-12,F-1-2-1,F-1-2-2,F-1-2-3,F-1-2-4,F-1-2-5,F-1-2-6,F-1-2-7,F-1-2-8,F-1-2-9,F-1-2-10,F-1-2-11,F-1-2-12,F-2-1,F-2-1-1,F-2-2,F-2-1-2,F-2-3,F-2-1-3,F-2-4,F-2-1-4,F-2-5,F-2-1-5,F-2-6,F-2-1-6,F-2-7,F-2-1-7,F-2-8,F-2-1-8,F-2-9,F-2-1-9,F-2-10,F-2-1-10,F-2-11,F-2-1-11,F-2-12,F-2-1-12,F-2-2-1,F-2-2-2,F-2-2-3,F-2-2-4,F-2-2-5,F-2-2-6,F-2-2-7,F-2-2-8,F-2-2-9,F-2-2-10,F-2-2-11,F-2-2-12,F-3-1,F-3-1-1,F-3-2,F-3-1-2,F-3-3,F-3-1-3,F-3-4,F-3-1-4,F-3-5,F-3-1-5,F-3-6,F-3-1-6,F-3-7,F-3-1-7,F-3-8,F-3-1-8,F-3-9,F-3-1-9,F-3-10,F-3-1-10,F-3-11,F-3-1-11,F-3-12,F-3-1-12,F-3-2-1,F-3-2-2,F-3-2-3,F-3-2-4,F-3-2-5,F-3-2-6,F-3-2-7,F-3-2-8,F-3-2-9,F-3-2-10,F-3-2-11,F-3-2-12,F-4-1,F-4-1-1,F-4-2,F-4-1-2,F-4-3,F-4-1-3,F-4-4,F-4-1-4,F-4-5,F-4-1-5,F-4-6,F-4-1-6,F-4-7,F-4-1-7,F-4-8,F-4-1-8,F-4-9,F-4-1-9,F-4-10,F-4-1-10,F-4-11,F-4-1-11,F-4-12,F-4-1-12,F-4-2-1,F-4-2-2,F-4-2-3,F-4-2-4,F-4-2-5,F-4-2-6,F-4-2-7,F-4-2-8,F-4-2-9,F-4-2-10,F-4-2-11,F-4-2-12,F-5-1,F-5-1-1,F-5-2,F-5-1-2,F-5-3,F-5-1-3,F-5-4,F-5-1-4,F-5-5,F-5-1-5,F-5-6,F-5-1-6,F-5-7,F-5-1-7,F-5-8,F-5-1-8,F-5-9,F-5-1-9,F-5-10,F-5-1-10,F-5-11,F-5-1-11,F-5-12,F-5-1-12,F-5-2-1,F-5-2-2,F-5-2-3,F-5-2-4,F-5-2-5,F-5-2-6,F-5-2-7,F-5-2-8,F-5-2-9,F-5-2-10,F-5-2-11,F-5-2-12,F-1-3-1,F-1-3-2,F-1-3-3,F-1-3-4,F-1-3-5,F-1-3-6,F-1-3-7,F-1-3-8,F-1-3-9,F-1-3-10,F-1-3-11,F-1-3-12,F-2-3-1,F-2-3-2,F-2-3-3,F-2-3-4,F-2-3-5,F-2-3-6,F-2-3-7,F-2-3-8,F-2-3-9,F-2-3-10,F-2-3-11,F-2-3-12,F-3-3-1,F-3-3-2,F-3-3-3,F-3-3-4,F-3-3-5,F-3-3-6,F-3-3-7,F-3-3-8,F-3-3-9,F-3-3-10,F-3-3-11,F-3-3-12,F-4-3-1,F-4-3-2,F-4-3-3,F-4-3-4,F-4-3-5,F-4-3-6,F-4-3-7,F-4-3-8,F-4-3-9,F-4-3-10,F-4-3-11,F-4-3-12,F-5-3-1,F-5-3-2,F-5-3-3,F-5-3-4,F-5-3-5,F-5-3-6,F-5-3-7,F-5-3-8,F-5-3-9,F-5-3-10,F-5-3-11,F-5-3-12,F-1-1-1.0,F-1-1-1.1,F-1-1-1.2,F-1-3-1.0,F-1-3-1.1,F-1-3-1.2,F-3-3-1.0,F-3-3-1.1,F-3-3-1.2,F-5-1-1.0,F-5-1-1.1,F-5-1-1.2,F-1-1-4.0,F-1-1-4.1,F-1-1-4.2,F-2-1-4.0,F-2-1-4.1,F-2-1-4.2,F-3-2-4.0,F-3-2-4.1,F-3-2-4.2,F-4-1-4.0,F-4-1-4.1,F-4-1-4.2,F-5-1-4.0,F-5-1-4.1,F-5-1-4.2
Start Date,End Date,Response Type,IP Address,Progress,Duration (in seconds),Finished,Recorded Date,Response ID,Recipient Last Name,Recipient First Name,Recipient Email,External Data Reference,Location Latitude,Location Longitude,Distribution Channel,User Language,"Hello!  

We seek to understand what impact the closure of a bridge in the Bay Area would have on the behaviour of drivers who have to commute across the Bay.  The survey takes less than 5 minutes to complete. Please review the questions carefully and answer them to the best of your knowledge.





Do you drive or have a driver's license (in any country in the world)?",How old are you?,What gender do you identify as?,What is your occupation?,What is your annual income?,What is your household size?,Have you driven across Richmond Bridge before?,"If you have, please think about that journey. If you have not, please think about the last time you drove. 

What was the purpose of the trip?","What time did you start that trip (to the nearest hour )? Please provide answers in 24 hours format. Eg: Input 9 for 9AM, 18 for 6PM etc.",How many times a week do you take the same trip?,"Suppose you live near UC Berkeley and have to make a trip to San Rafael using the Richmond-San Rafael bridge for the same reason as you traveled last time and at the same time of the day (i.e. your previous answers). 



You normally drive to make this trip and your normal trip through the Richmond San Rafael bridge takes 40 minutes, including congestion.





On the day of travel, you hear that the bridge is unexpectedly shut down. You have two options:


	Traveling using another route
	Not driving (i.e. canceling the trip or using another mode of transportation)


These routes are new to you and you might be delayed by congestion on the way as the bridge closure has created traffic jams in the area. You have the opportunity to leave earlier/later than planned to avoid congestion en route. 

You will be asked to choose between two alternative routes and not driving. Please bear in mind that other modes are possible but highly underdeveloped for this origin and destination. You will see information about different characteristics of the trip:


	Additional time taken than using Richmond Bridge (min): extra time spent driving at free-flow speed than your normal trip, by virtue of using a longer route. In other words, the time you need to drive at the speed limit just to make up for the added distance.
	Time in congestion (min): the time spent in congested conditions, i.e., not moving at all
	Shift in departure time (min): i.e. how much earlier/later than planned you leave (to avoid extra congestion). Negative values indicate that you choose to start earlier and positive values indicate you start your trip later.
	
	Travel cost ($): i.e. tolls
	



You will be asked to make a pick FOUR times. Choose one alternative every time.

 

Question 1

 

	
		
			 
			
			Alternative A

			(Choose other bridge)
			
			
			Alternative B

			(Choose other bridge)
			
			
			Alternative C

			(Won’t drive)
			
		
		
			[Field-F-1-1] (min)
			[Field-F-1-1-1]
			[Field-F-1-2-1]
			-
		
		
			[Field-F-1-2] (min)
			[Field-F-1-1-2]
			[Field-F-1-2-2]
			-
		
		
			[Field-F-1-3] (min)
			[Field-F-1-1-3]
			[Field-F-1-2-3]
			-
		
		
			[Field-F-1-4] ($)
			[Field-F-1-1-4]
			[Field-F-1-2-4]
			-","Question 2



Please carefully review the options detailed below, then please answer the questions.

Which of these choices do you prefer?
 

	
		
			 
			
			Alternative A

			(Choose other bridge)
			
			
			Alternative B

			(Choose other bridge)
			
			
			Alternative C

			(Won’t drive)
			
		
		
			[Field-F-1-1] (min)
			[Field-F-2-1-1]
			[Field-F-2-2-1]
			-
		
		
			[Field-F-1-2] (min)
			[Field-F-2-1-2]
			[Field-F-2-2-2]
			-
		
		
			[Field-F-1-3] (min)
			[Field-F-2-1-3]
			[Field-F-2-2-3]
			-
		
		
			[Field-F-1-4] ($)
			[Field-F-2-1-4]
			[Field-F-2-2-4]
			-","Question 3



Please carefully review the options detailed below, then please answer the questions.

Which of these choices do you prefer?
 

	
		
			 
			
			Alternative A

			(Choose other bridge)
			
			
			Alternative B

			(Choose other bridge)
			
			
			Alternative C

			(Won’t drive)
			
		
		
			[Field-F-1-1] (min)
			[Field-F-3-1-1]
			[Field-F-3-2-1]
			-
		
		
			[Field-F-1-2] (min)
			[Field-F-3-1-2]
			[Field-F-3-2-2]
			-
		
		
			[Field-F-1-3] (min)
			[Field-F-3-1-3]
			[Field-F-3-2-3]
			-
		
		
			[Field-F-1-4] ($)
			[Field-F-3-1-4]
			[Field-F-3-2-4]
			-","Question 4



Please carefully review the options detailed below, then please answer the questions.

Which of these choices do you prefer?
 

	
		
			 
			
			Alternative A

			(Choose other bridge)
			
			
			Alternative B

			(Choose other bridge)
			
			
			Alternative C

			(Won’t drive)
			
		
		
			[Field-F-1-1] (min)
			[Field-F-4-1-1]
			[Field-F-4-2-1]
			-
		
		
			[Field-F-1-2] (min)
			[Field-F-4-1-2]
			[Field-F-4-2-2]
			-
		
		
			[Field-F-1-3] (min)
			[Field-F-4-1-3]
			[Field-F-4-2-3]
			-
		
		
			[Field-F-1-4] ($)
			[Field-F-4-1-4]
			[Field-F-4-2-4]
			-",F-1-1,F-1-1-1,F-1-2,F-1-1-2,F-1-3,F-1-1-3,F-1-4,F-1-1-4,F-1-5,F-1-1-5,F-1-6,F-1-1-6,F-1-7,F-1-1-7,F-1-8,F-1-1-8,F-1-9,F-1-1-9,F-1-10,F-1-1-10,F-1-11,F-1-1-11,F-1-12,F-1-1-12,F-1-2-1,F-1-2-2,F-1-2-3,F-1-2-4,F-1-2-5,F-1-2-6,F-1-2-7,F-1-2-8,F-1-2-9,F-1-2-10,F-1-2-11,F-1-2-12,F-2-1,F-2-1-1,F-2-2,F-2-1-2,F-2-3,F-2-1-3,F-2-4,F-2-1-4,F-2-5,F-2-1-5,F-2-6,F-2-1-6,F-2-7,F-2-1-7,F-2-8,F-2-1-8,F-2-9,F-2-1-9,F-2-10,F-2-1-10,F-2-11,F-2-1-11,F-2-12,F-2-1-12,F-2-2-1,F-2-2-2,F-2-2-3,F-2-2-4,F-2-2-5,F-2-2-6,F-2-2-7,F-2-2-8,F-2-2-9,F-2-2-10,F-2-2-11,F-2-2-12,F-3-1,F-3-1-1,F-3-2,F-3-1-2,F-3-3,F-3-1-3,F-3-4,F-3-1-4,F-3-5,F-3-1-5,F-3-6,F-3-1-6,F-3-7,F-3-1-7,F-3-8,F-3-1-8,F-3-9,F-3-1-9,F-3-10,F-3-1-10,F-3-11,F-3-1-11,F-3-12,F-3-1-12,F-3-2-1,F-3-2-2,F-3-2-3,F-3-2-4,F-3-2-5,F-3-2-6,F-3-2-7,F-3-2-8,F-3-2-9,F-3-2-10,F-3-2-11,F-3-2-12,F-4-1,F-4-1-1,F-4-2,F-4-1-2,F-4-3,F-4-1-3,F-4-4,F-4-1-4,F-4-5,F-4-1-5,F-4-6,F-4-1-6,F-4-7,F-4-1-7,F-4-8,F-4-1-8,F-4-9,F-4-1-9,F-4-10,F-4-1-10,F-4-11,F-4-1-11,F-4-12,F-4-1-12,F-4-2-1,F-4-2-2,F-4-2-3,F-4-2-4,F-4-2-5,F-4-2-6,F-4-2-7,F-4-2-8,F-4-2-9,F-4-2-10,F-4-2-11,F-4-2-12,F-5-1,F-5-1-1,F-5-2,F-5-1-2,F-5-3,F-5-1-3,F-5-4,F-5-1-4,F-5-5,F-5-1-5,F-5-6,F-5-1-6,F-5-7,F-5-1-7,F-5-8,F-5-1-8,F-5-9,F-5-1-9,F-5-10,F-5-1-10,F-5-11,F-5-1-11,F-5-12,F-5-1-12,F-5-2-1,F-5-2-2,F-5-2-3,F-5-2-4,F-5-2-5,F-5-2-6,F-5-2-7,F-5-2-8,F-5-2-9,F-5-2-10,F-5-2-11,F-5-2-12,F-1-3-1,F-1-3-2,F-1-3-3,F-1-3-4,F-1-3-5,F-1-3-6,F-1-3-7,F-1-3-8,F-1-3-9,F-1-3-10,F-1-3-11,F-1-3-12,F-2-3-1,F-2-3-2,F-2-3-3,F-2-3-4,F-2-3-5,F-2-3-6,F-2-3-7,F-2-3-8,F-2-3-9,F-2-3-10,F-2-3-11,F-2-3-12,F-3-3-1,F-3-3-2,F-3-3-3,F-3-3-4,F-3-3-5,F-3-3-6,F-3-3-7,F-3-3-8,F-3-3-9,F-3-3-10,F-3-3-11,F-3-3-12,F-4-3-1,F-4-3-2,F-4-3-3,F-4-3-4,F-4-3-5,F-4-3-6,F-4-3-7,F-4-3-8,F-4-3-9,F-4-3-10,F-4-3-11,F-4-3-12,F-5-3-1,F-5-3-2,F-5-3-3,F-5-3-4,F-5-3-5,F-5-3-6,F-5-3-7,F-5-3-8,F-5-3-9,F-5-3-10,F-5-3-11,F-5-3-12,F-1-1-1.0,F-1-1-1.1,F-1-1-1.2,F-1-3-1.0,F-1-3-1.1,F-1-3-1.2,F-3-3-1.0,F-3-3-1.1,F-3-3-1.2,F-5-1-1.0,F-5-1-1.1,F-5-1-1.2,F-1-1-4.0,F-1-1-4.1,F-1-1-4.2,F-2-1-4.0,F-2-1-4.1,F-2-1-4.2,F-3-2-4.0,F-3-2-4.1,F-3-2-4.2,F-4-1-4.0,F-4-1-4.1,F-4-1-4.2,F-5-1-4.0,F-5-1-4.1,F-5-1-4.2
"{""ImportId"":""startDate"",""timeZone"":""America/Denver""}","{""ImportId"":""endDate"",""timeZone"":""America/Denver""}","{""ImportId"":""status""}","{""ImportId"":""ipAddress""}","{""ImportId"":""progress""}","{""ImportId"":""duration""}","{""ImportId"":""finished""}","{""ImportId"":""recordedDate"",""timeZone"":""America/Denver""}","{""ImportId"":""_recordId""}","{""ImportId"":""recipientLastName""}","{""ImportId"":""recipientFirstName""}","{""ImportId"":""recipientEmail""}","{""ImportId"":""externalDataReference""}","{""ImportId"":""locationLatitude""}","{""ImportId"":""locationLongitude""}","{""ImportId"":""distributionChannel""}","{""ImportId"":""userLanguage""}","{""ImportId"":""QID1""}","{""ImportId"":""QID2""}","{""ImportId"":""QID3""}","{""ImportId"":""QID4""}","{""ImportId"":""QID5""}","{""ImportId"":""QID6""}","{""ImportId"":""QID7""}","{""ImportId"":""QID8""}","{""ImportId"":""QID9_TEXT""}","{""ImportId"":""QID10""}","{""ImportId"":""QID13""}","{""ImportId"":""QID14""}","{""ImportId"":""QID15""}","{""ImportId"":""QID16""}","{""ImportId"":""F-1-1""}","{""ImportId"":""F-1-1-1""}","{""ImportId"":""F-1-2""}","{""ImportId"":""F-1-1-2""}","{""ImportId"":""F-1-3""}","{""ImportId"":""F-1-1-3""}","{""ImportId"":""F-1-4""}","{""ImportId"":""F-1-1-4""}","{""ImportId"":""F-1-5""}","{""ImportId"":""F-1-1-5""}","{""ImportId"":""F-1-6""}","{""ImportId"":""F-1-1-6""}","{""ImportId"":""F-1-7""}","{""ImportId"":""F-1-1-7""}","{""ImportId"":""F-1-8""}","{""ImportId"":""F-1-1-8""}","{""ImportId"":""F-1-9""}","{""ImportId"":""F-1-1-9""}","{""ImportId"":""F-1-10""}","{""ImportId"":""F-1-1-10""}","{""ImportId"":""F-1-11""}","{""ImportId"":""F-1-1-11""}","{""ImportId"":""F-1-12""}","{""ImportId"":""F-1-1-12""}","{""ImportId"":""F-1-2-1""}","{""ImportId"":""F-1-2-2""}","{""ImportId"":""F-1-2-3""}","{""ImportId"":""F-1-2-4""}","{""ImportId"":""F-1-2-5""}","{""ImportId"":""F-1-2-6""}","{""ImportId"":""F-1-2-7""}","{""ImportId"":""F-1-2-8""}","{""ImportId"":""F-1-2-9""}","{""ImportId"":""F-1-2-10""}","{""ImportId"":""F-1-2-11""}","{""ImportId"":""F-1-2-12""}","{""ImportId"":""F-2-1""}","{""ImportId"":""F-2-1-1""}","{""ImportId"":""F-2-2""}","{""ImportId"":""F-2-1-2""}","{""ImportId"":""F-2-3""}","{""ImportId"":""F-2-1-3""}","{""ImportId"":""F-2-4""}","{""ImportId"":""F-2-1-4""}","{""ImportId"":""F-2-5""}","{""ImportId"":""F-2-1-5""}","{""ImportId"":""F-2-6""}","{""ImportId"":""F-2-1-6""}","{""ImportId"":""F-2-7""}","{""ImportId"":""F-2-1-7""}","{""ImportId"":""F-2-8""}","{""ImportId"":""F-2-1-8""}","{""ImportId"":""F-2-9""}","{""ImportId"":""F-2-1-9""}","{""ImportId"":""F-2-10""}","{""ImportId"":""F-2-1-10""}","{""ImportId"":""F-2-11""}","{""ImportId"":""F-2-1-11""}","{""ImportId"":""F-2-12""}","{""ImportId"":""F-2-1-12""}","{""ImportId"":""F-2-2-1""}","{""ImportId"":""F-2-2-2""}","{""ImportId"":""F-2-2-3""}","{""ImportId"":""F-2-2-4""}","{""ImportId"":""F-2-2-5""}","{""ImportId"":""F-2-2-6""}","{""ImportId"":""F-2-2-7""}","{""ImportId"":""F-2-2-8""}","{""ImportId"":""F-2-2-9""}","{""ImportId"":""F-2-2-10""}","{""ImportId"":""F-2-2-11""}","{""ImportId"":""F-2-2-12""}","{""ImportId"":""F-3-1""}","{""ImportId"":""F-3-1-1""}","{""ImportId"":""F-3-2""}","{""ImportId"":""F-3-1-2""}","{""ImportId"":""F-3-3""}","{""ImportId"":""F-3-1-3""}","{""ImportId"":""F-3-4""}","{""ImportId"":""F-3-1-4""}","{""ImportId"":""F-3-5""}","{""ImportId"":""F-3-1-5""}","{""ImportId"":""F-3-6""}","{""ImportId"":""F-3-1-6""}","{""ImportId"":""F-3-7""}","{""ImportId"":""F-3-1-7""}","{""ImportId"":""F-3-8""}","{""ImportId"":""F-3-1-8""}","{""ImportId"":""F-3-9""}","{""ImportId"":""F-3-1-9""}","{""ImportId"":""F-3-10""}","{""ImportId"":""F-3-1-10""}","{""ImportId"":""F-3-11""}","{""ImportId"":""F-3-1-11""}","{""ImportId"":""F-3-12""}","{""ImportId"":""F-3-1-12""}","{""ImportId"":""F-3-2-1""}","{""ImportId"":""F-3-2-2""}","{""ImportId"":""F-3-2-3""}","{""ImportId"":""F-3-2-4""}","{""ImportId"":""F-3-2-5""}","{""ImportId"":""F-3-2-6""}","{""ImportId"":""F-3-2-7""}","{""ImportId"":""F-3-2-8""}","{""ImportId"":""F-3-2-9""}","{""ImportId"":""F-3-2-10""}","{""ImportId"":""F-3-2-11""}","{""ImportId"":""F-3-2-12""}","{""ImportId"":""F-4-1""}","{""ImportId"":""F-4-1-1""}","{""ImportId"":""F-4-2""}","{""ImportId"":""F-4-1-2""}","{""ImportId"":""F-4-3""}","{""ImportId"":""F-4-1-3""}","{""ImportId"":""F-4-4""}","{""ImportId"":""F-4-1-4""}","{""ImportId"":""F-4-5""}","{""ImportId"":""F-4-1-5""}","{""ImportId"":""F-4-6""}","{""ImportId"":""F-4-1-6""}","{""ImportId"":""F-4-7""}","{""ImportId"":""F-4-1-7""}","{""ImportId"":""F-4-8""}","{""ImportId"":""F-4-1-8""}","{""ImportId"":""F-4-9""}","{""ImportId"":""F-4-1-9""}","{""ImportId"":""F-4-10""}","{""ImportId"":""F-4-1-10""}","{""ImportId"":""F-4-11""}","{""ImportId"":""F-4-1-11""}","{""ImportId"":""F-4-12""}","{""ImportId"":""F-4-1-12""}","{""ImportId"":""F-4-2-1""}","{""ImportId"":""F-4-2-2""}","{""ImportId"":""F-4-2-3""}","{""ImportId"":""F-4-2-4""}","{""ImportId"":""F-4-2-5""}","{""ImportId"":""F-4-2-6""}","{""ImportId"":""F-4-2-7""}","{""ImportId"":""F-4-2-8""}","{""ImportId"":""F-4-2-9""}","{""ImportId"":""F-4-2-10""}","{""ImportId"":""F-4-2-11""}","{""ImportId"":""F-4-2-12""}","{""ImportId"":""F-5-1""}","{""ImportId"":""F-5-1-1""}","{""ImportId"":""F-5-2""}","{""ImportId"":""F-5-1-2""}","{""ImportId"":""F-5-3""}","{""ImportId"":""F-5-1-3""}","{""ImportId"":""F-5-4""}","{""ImportId"":""F-5-1-4""}","{""ImportId"":""F-5-5""}","{""ImportId"":""F-5-1-5""}","{""ImportId"":""F-5-6""}","{""ImportId"":""F-5-1-6""}","{""ImportId"":""F-5-7""}","{""ImportId"":""F-5-1-7""}","{""ImportId"":""F-5-8""}","{""ImportId"":""F-5-1-8""}","{""ImportId"":""F-5-9""}","{""ImportId"":""F-5-1-9""}","{""ImportId"":""F-5-10""}","{""ImportId"":""F-5-1-10""}","{""ImportId"":""F-5-11""}","{""ImportId"":""F-5-1-11""}","{""ImportId"":""F-5-12""}","{""ImportId"":""F-5-1-12""}","{""ImportId"":""F-5-2-1""}","{""ImportId"":""F-5-2-2""}","{""ImportId"":""F-5-2-3""}","{""ImportId"":""F-5-2-4""}","{""ImportId"":""F-5-2-5""}","{""ImportId"":""F-5-2-6""}","{""ImportId"":""F-5-2-7""}","{""ImportId"":""F-5-2-8""}","{""ImportId"":""F-5-2-9""}","{""ImportId"":""F-5-2-10""}","{""ImportId"":""F-5-2-11""}","{""ImportId"":""F-5-2-12""}","{""ImportId"":""F-1-3-1""}","{""ImportId"":""F-1-3-2""}","{""ImportId"":""F-1-3-3""}","{""ImportId"":""F-1-3-4""}","{""ImportId"":""F-1-3-5""}","{""ImportId"":""F-1-3-6""}","{""ImportId"":""F-1-3-7""}","{""ImportId"":""F-1-3-8""}","{""ImportId"":""F-1-3-9""}","{""ImportId"":""F-1-3-10""}","{""ImportId"":""F-1-3-11""}","{""ImportId"":""F-1-3-12""}","{""ImportId"":""F-2-3-1""}","{""ImportId"":""F-2-3-2""}","{""ImportId"":""F-2-3-3""}","{""ImportId"":""F-2-3-4""}","{""ImportId"":""F-2-3-5""}","{""ImportId"":""F-2-3-6""}","{""ImportId"":""F-2-3-7""}","{""ImportId"":""F-2-3-8""}","{""ImportId"":""F-2-3-9""}","{""ImportId"":""F-2-3-10""}","{""ImportId"":""F-2-3-11""}","{""ImportId"":""F-2-3-12""}","{""ImportId"":""F-3-3-1""}","{""ImportId"":""F-3-3-2""}","{""ImportId"":""F-3-3-3""}","{""ImportId"":""F-3-3-4""}","{""ImportId"":""F-3-3-5""}","{""ImportId"":""F-3-3-6""}","{""ImportId"":""F-3-3-7""}","{""ImportId"":""F-3-3-8""}","{""ImportId"":""F-3-3-9""}","{""ImportId"":""F-3-3-10""}","{""ImportId"":""F-3-3-11""}","{""ImportId"":""F-3-3-12""}","{""ImportId"":""F-4-3-1""}","{""ImportId"":""F-4-3-2""}","{""ImportId"":""F-4-3-3""}","{""ImportId"":""F-4-3-4""}","{""ImportId"":""F-4-3-5""}","{""ImportId"":""F-4-3-6""}","{""ImportId"":""F-4-3-7""}","{""ImportId"":""F-4-3-8""}","{""ImportId"":""F-4-3-9""}","{""ImportId"":""F-4-3-10""}","{""ImportId"":""F-4-3-11""}","{""ImportId"":""F-4-3-12""}","{""ImportId"":""F-5-3-1""}","{""ImportId"":""F-5-3-2""}","{""ImportId"":""F-5-3-3""}","{""ImportId"":""F-5-3-4""}","{""ImportId"":""F-5-3-5""}","{""ImportId"":""F-5-3-6""}","{""ImportId"":""F-5-3-7""}","{""ImportId"":""F-5-3-8""}","{""ImportId"":""F-5-3-9""}","{""ImportId"":""F-5-3-10""}","{""ImportId"":""F-5-3-11""}","{""ImportId"":""F-5-3-12""}","{""ImportId"":""F-1-1-1.0""}","{""ImportId"":""F-1-1-1.1""}","{""ImportId"":""F-1-1-1.2""}","{""ImportId"":""F-1-3-1.0""}","{""ImportId"":""F-1-3-1.1""}","{""ImportId"":""F-1-3-1.2""}","{""ImportId"":""F-3-3-1.0""}","{""ImportId"":""F-3-3-1.1""}","{""ImportId"":""F-3-3-1.2""}","{""ImportId"":""F-5-1-1.0""}","{""ImportId"":""F-5-1-1.1""}","{""ImportId"":""F-5-1-1.2""}","{""ImportId"":""F-1-1-4.0""}","{""ImportId"":""F-1-1-4.1""}","{""ImportId"":""F-1-1-4.2""}","{""ImportId"":""F-2-1-4.0""}","{""ImportId"":""F-2-1-4.1""}","{""ImportId"":""F-2-1-4.2""}","{""ImportId"":""F-3-2-4.0""}","{""ImportId"":""F-3-2-4.1""}","{""ImportId"":""F-3-2-4.2""}","{""ImportId"":""F-4-1-4.0""}","{""ImportId"":""F-4-1-4.1""}","{""ImportId"":""F-4-1-4.2""}","{""ImportId"":""F-5-1-4.0""}","{""ImportId"":""F-5-1-4.1""}","{""ImportId"":""F-5-1-4.2""}"
2022-04-05 18:49:43,2022-04-05 18:53:39,Survey Preview,,100,236,True,2022-04-05 18:53:40,R_24Csf53B38FuyLP,,,,,37.87360000000000326281224261038005352020263671875,-122.25700000000000500222085975110530853271484375,preview,EN,,,,,,,,,,,,,,,Travel cost,20,Non congested travel time,45,Shift in departure time,,Time in congestion,,,,,,,,,,,,,,,,,,4,35,30,,,,,,,,,,Travel cost,20,Non congested travel time,55,Shift in departure time,,Time in congestion,,,,,,,,,,,,,,,,,,20,25,45,,,,,,,,,,Travel cost,0,Non congested travel time,35,Shift in departure time,,Time in congestion,,,,,,,,,,,,,,,,,,20,35,30,,,,,,,,,,Travel cost,15,Non congested travel time,25,Shift in departure time,,Time in congestion,,,,,,,,,,,,,,,,,,10,65,15,,,,,,,,,,Travel cost,20,Non congested travel time,45,Shift in departure time,,Time in congestion,,,,,,,,,,,,,,,,,,10,35,30,,,,,,,,,,4,25,0,,,,,,,,,,4,65,60,,,,,,,,,,0,45,0,,,,,,,,,,15,35,0,,,,,,,,,,20,35,45,,,,,,,,,,,,,,,,,,,,,,,,,,,,,,,,,,40,60,90
2022-04-05 19:18:10,2022-04-05 19:18:21,Survey Preview,,100,10,True,2022-04-05 19:18:22,R_2Bkxjyfqv8O9OYS,,,,,37.87360000000000326281224261038005352020263671875,-122.25700000000000500222085975110530853271484375,preview,EN,,,,,,,,,,,,,,,Travel cost,0,Shift in departure time,60,Non congested travel time,45,Time in congestion,25,,,,,,,,,,,,,,,,,4,60,65,10,,,,,,,,,Travel cost,10,Shift in departure time,15,Non congested travel time,45,Time in congestion,10,,,,,,,,,,,,,,,,,0,30,55,25,,,,,,,,,Travel cost,15,Shift in departure time,15,Non congested travel time,25,Time in congestion,10,,,,,,,,,,,,,,,,,15,0,45,40,,,,,,,,,Travel cost,20,Shift in departure time,0,Non congested travel time,65,Time in congestion,60,,,,,,,,,,,,,,,,,4,45,35,10,,,,,,,,,Travel cost,4,Shift in departure time,15,Non congested travel time,25,Time in congestion,10,,,,,,,,,,,,,,,,,0,0,25,60,,,,,,,,,20,45,35,40,,,,,,,,,20,30,55,60,,,,,,,,,0,60,45,60,,,,,,,,,10,15,35,10,,,,,,,,,15,15,25,60,,,,,,,,,,,,,,,,,,,,,,,,,,,,,,,,,,,
2022-04-05 19:59:31,2022-04-05 19:59:32,Survey Test,,100,1,True,2022-04-05 19:59:32,R_9MtQkovIbk1yUkK,,,,,37.87360000000000326281224261038005352020263671875,-122.25700000000000500222085975110530853271484375,test,,Yes,26-35,Non-binary / third gender,Non UC Berkeley," $50k-150k",>=5,Yes,Work,Justo mattis tellus mauris! Tempora laoreet interdum luctus! Mi cras sagittis a pretium.,1,Alternative B,Alternative B,Alternative A,Alternative B,Non congested travel time,35,Time in congestion,60,Shift in departure time,30,Travel cost,20,,,,,,,,,,,,,,,,,45,40,60,10,,,,,,,,,Non congested travel time,25,Time in congestion,60,Shift in departure time,15,Travel cost,15,,,,,,,,,,,,,,,,,45,60,45,0,,,,,,,,,Non congested travel time,65,Time in congestion,40,Shift in departure time,45,Travel cost,20,,,,,,,,,,,,,,,,,35,40,60,10,,,,,,,,,Non congested travel time,65,Time in congestion,10,Shift in departure time,45,Travel cost,0,,,,,,,,,,,,,,,,,35,60,0,20,,,,,,,,,Non congested travel time,45,Time in congestion,25,Shift in departure time,60,Travel cost,4,,,,,,,,,,,,,,,,,55,40,60,4,,,,,,,,,55,90,30,0,,,,,,,,,35,25,30,10,,,,,,,,,55,40,15,0,,,,,,,,,55,25,15,10,,,,,,,,,45,90,45,20,,,,,,,,,,,,,,,,,,,,,,,,,,,,,,,,,,,
2022-04-05 19:59:32,2022-04-05 19:59:32,Survey Test,,100,0,True,2022-04-05 19:59:32,R_ewX7ZEAcLT0YiAC,,,,,37.87360000000000326281224261038005352020263671875,-122.25700000000000500222085975110530853271484375,test,,Yes,36-45,Non-binary / third gender,Non UC Berkeley," $50k-150k",3,No,Work,Cras accumsan justo? Placerat cursus ultricies. Nullam rhoncus vestibulum? Nibh felis.,4,Alternative C,Alternative C,Alternative C,Alternative C,Non congested travel time,25,Time in congestion,10,Shift in departure time,0,Travel cost,10,,,,,,,,,,,,,,,,,65,10,15,10,,,,,,,,,Non congested travel time,65,Time in congestion,40,Shift in departure time,45,Travel cost,20,,,,,,,,,,,,,,,,,35,25,15,20,,,,,,,,,Non congested travel time,35,Time in congestion,60,Shift in departure time,45,Travel cost,10,,,,,,,,,,,,,,,,,65,10,0,0,,,,,,,,,Non congested travel time,65,Time in congestion,60,Shift in departure time,0,Travel cost,10,,,,,,,,,,,,,,,,,25,10,45,10,,,,,,,,,Non congested travel time,45,Time in congestion,90,Shift in departure time,45,Travel cost,20,,,,,,,,,,,,,,,,,45,60,60,20,,,,,,,,,35,25,0,0,,,,,,,,,55,60,0,15,,,,,,,,,55,90,60,4,,,,,,,,,25,25,60,10,,,,,,,,,45,10,45,15,,,,,,,,,,,,,,,,,,,,,,,,,,,,,,,,,,,
2022-04-05 19:59:33,2022-04-05 19:59:33,Survey Test,,100,0,True,2022-04-05 19:59:33,R_0d0xD9mN9LXwSrQ,,,,,37.87360000000000326281224261038005352020263671875,-122.25700000000000500222085975110530853271484375,test,,Yes,18-25,Female,Student at UC Berkeley,Less than $50k,2,No,Other,"Wisi amet per ultricies suscipit euismod consectetuer tellus. Aenean sagittis, augue dui facilisi in.",1,Alternative A,Alternative B,Alternative A,Alternative A,Non congested travel time,45,Time in congestion,40,Shift in departure time,15,Travel cost,4,,,,,,,,,,,,,,,,,35,60,45,0,,,,,,,,,Non congested travel time,55,Time in congestion,10,Shift in departure time,30,Travel cost,15,,,,,,,,,,,,,,,,,45,60,30,10,,,,,,,,,Non congested travel time,45,Time in congestion,60,Shift in departure time,0,Travel cost,0,,,,,,,,,,,,,,,,,35,90,0,0,,,,,,,,,Non congested travel time,45,Time in congestion,60,Shift in departure time,45,Travel cost,4,,,,,,,,,,,,,,,,,45,60,0,20,,,,,,,,,Non congested travel time,45,Time in congestion,40,Shift in departure time,45,Travel cost,15,,,,,,,,,,,,,,,,,25,10,30,4,,,,,,,,,55,60,60,10,,,,,,,,,35,40,45,10,,,,,,,,,25,60,30,15,,,,,,,,,45,25,0,10,,,,,,,,,35,10,30,20,,,,,,,,,,,,,,,,,,,,,,,,,,,,,,,,,,,
2022-04-05 19:59:33,2022-04-05 19:59:33,Survey Test,,100,0,True,2022-04-05 19:59:33,R_9HnWwWMJYivZn6e,,,,,37.87360000000000326281224261038005352020263671875,-122.25700000000000500222085975110530853271484375,test,,Yes,"Below 18	",Female,Faculty at UC Berkeley,Less than $50k,4,No,School,"Id. Euismod euismod nibh, purus natoque neque dolorem pellentesque sagittis dictumst sagittis.",3,Alternative B,Alternative B,Alternative A,Alternative B,Non congested travel time,45,Time in congestion,25,Shift in departure time,60,Travel cost,10,,,,,,,,,,,,,,,,,45,40,15,4,,,,,,,,,Non congested travel time,65,Time in congestion,40,Shift in departure time,60,Travel cost,0,,,,,,,,,,,,,,,,,35,25,45,4,,,,,,,,,Non congested travel time,35,Time in congestion,10,Shift in departure time,0,Travel cost,20,,,,,,,,,,,,,,,,,55,60,45,10,,,,,,,,,Non congested travel time,25,Time in congestion,10,Shift in departure time,15,Travel cost,0,,,,,,,,,,,,,,,,,45,90,0,0,,,,,,,,,Non congested travel time,65,Time in congestion,10,Shift in departure time,15,Travel cost,0,,,,,,,,,,,,,,,,,45,10,30,20,,,,,,,,,45,90,45,20,,,,,,,,,55,90,0,15,,,,,,,,,35,90,60,15,,,,,,,,,55,60,15,4,,,,,,,,,65,60,15,10,,,,,,,,,,,,,,,,,,,,,,,,,,,,,,,,,,,
2022-04-05 19:59:33,2022-04-05 19:59:33,Survey Test,,100,0,True,2022-04-05 19:59:33,R_bqoz2d7sXVhgw1U,,,,,37.87360000000000326281224261038005352020263671875,-122.25700000000000500222085975110530853271484375,test,,No,45-60,Female,Non UC Berkeley,Less than $50k,4,No,Other,Dolorem nulla wisi proin accusamus dictumst. Molestie ultricies. Et tempor bibendum dolorem.,3,Alternative B,Alternative B,Alternative A,Alternative C,Non congested travel time,55,Time in congestion,60,Shift in departure time,0,Travel cost,15,,,,,,,,,,,,,,,,,25,25,60,0,,,,,,,,,Non congested travel time,45,Time in congestion,25,Shift in departure time,15,Travel cost,4,,,,,,,,,,,,,,,,,55,60,15,10,,,,,,,,,Non congested travel time,55,Time in congestion,60,Shift in departure time,30,Travel cost,4,,,,,,,,,,,,,,,,,55,40,45,15,,,,,,,,,Non congested travel time,35,Time in congestion,90,Shift in departure time,15,Travel cost,10,,,,,,,,,,,,,,,,,55,25,45,15,,,,,,,,,Non congested travel time,45,Time in congestion,60,Shift in departure time,45,Travel cost,10,,,,,,,,,,,,,,,,,45,60,0,15,,,,,,,,,45,10,30,0,,,,,,,,,55,60,60,4,,,,,,,,,25,25,60,20,,,,,,,,,65,25,15,15,,,,,,,,,55,40,60,20,,,,,,,,,,,,,,,,,,,,,,,,,,,,,,,,,,,
2022-04-05 20:02:21,2022-04-05 20:02:21,Survey Test,,100,0,True,2022-04-05 20:02:21,R_dn88GYllxn1PjLw,,,,,37.87360000000000326281224261038005352020263671875,-122.25700000000000500222085975110530853271484375,test,,Yes,"Below 18	",Female,Faculty at UC Berkeley,Greater than $150k,4,Yes,Other,Eu tempus sapien in. Mauris ut molestie eleifend eget laoreet vivamus lacus nibh.,4,Alternative B,Alternative C,Alternative A,Alternative C,Non congested travel time,25,Time in congestion,25,Shift in departure time,45,Travel cost,4,,,,,,,,,,,,,,,,,65,40,15,4,,,,,,,,,Non congested travel time,35,Time in congestion,60,Shift in departure time,30,Travel cost,15,,,,,,,,,,,,,,,,,45,10,60,4,,,,,,,,,Non congested travel time,25,Time in congestion,25,Shift in departure time,60,Travel cost,20,,,,,,,,,,,,,,,,,25,90,0,10,,,,,,,,,Non congested travel time,55,Time in congestion,10,Shift in departure time,0,Travel cost,4,,,,,,,,,,,,,,,,,55,90,45,4,,,,,,,,,Non congested travel time,55,Time in congestion,60,Shift in departure time,15,Travel cost,4,,,,,,,,,,,,,,,,,45,90,45,4,,,,,,,,,25,40,15,15,,,,,,,,,25,25,0,0,,,,,,,,,65,90,30,20,,,,,,,,,25,40,15,4,,,,,,,,,35,40,15,20,,,,,,,,,,,,,,,,,,,,,,,,,,,,,,,,,,,
2022-04-05 20:02:21,2022-04-05 20:02:22,Survey Test,,100,1,True,2022-04-05 20:02:22,R_bezfhsXXV7tx9qe,,,,,37.87360000000000326281224261038005352020263671875,-122.25700000000000500222085975110530853271484375,test,,Yes,above 60,Prefer not to say,Non UC Berkeley,Less than $50k,1,No,School,Sollicitudin nullam. Luctus turpis ultrices elit dolor non egestas. Urna massa.,>=5,Alternative B,Alternative C,Alternative C,Alternative A,Non congested travel time,25,Time in congestion,40,Shift in departure time,15,Travel cost,4,,,,,,,,,,,,,,,,,55,25,45,15,,,,,,,,,Non congested travel time,45,Time in congestion,40,Shift in departure time,30,Travel cost,4,,,,,,,,,,,,,,,,,55,60,15,10,,,,,,,,,Non congested travel time,25,Time in congestion,10,Shift in departure time,30,Travel cost,20,,,,,,,,,,,,,,,,,25,40,0,10,,,,,,,,,Non congested travel time,55,Time in congestion,10,Shift in departure time,0,Travel cost,15,,,,,,,,,,,,,,,,,35,25,15,10,,,,,,,,,Non congested travel time,35,Time in congestion,10,Shift in departure time,60,Travel cost,10,,,,,,,,,,,,,,,,,55,10,15,4,,,,,,,,,25,40,30,10,,,,,,,,,25,25,45,0,,,,,,,,,55,90,30,10,,,,,,,,,45,10,60,15,,,,,,,,,55,90,60,4,,,,,,,,,,,,,,,,,,,,,,,,,,,,,,,,,,,
2022-04-05 20:02:22,2022-04-05 20:02:22,Survey Test,,100,0,True,2022-04-05 20:02:22,R_1GDMxn5EXNjWboG,,,,,37.87360000000000326281224261038005352020263671875,-122.25700000000000500222085975110530853271484375,test,,Yes,45-60,Prefer not to say,Faculty at UC Berkeley,Greater than $150k,2,No,Work,Wisi dictumst morbi malesuada? Malesuada porttitor ac vulputate? Commodo ultricies! Facilisis.,4,Alternative C,Alternative C,Alternative B,Alternative B,Non congested travel time,55,Time in congestion,10,Shift in departure time,30,Travel cost,0,,,,,,,,,,,,,,,,,25,10,0,20,,,,,,,,,Non congested travel time,45,Time in congestion,90,Shift in departure time,30,Travel cost,20,,,,,,,,,,,,,,,,,65,90,15,20,,,,,,,,,Non congested travel time,35,Time in congestion,25,Shift in departure time,0,Travel cost,4,,,,,,,,,,,,,,,,,55,25,60,4,,,,,,,,,Non congested travel time,65,Time in congestion,40,Shift in departure time,30,Travel cost,4,,,,,,,,,,,,,,,,,65,40,45,15,,,,,,,,,Non congested travel time,45,Time in congestion,25,Shift in departure time,60,Travel cost,10,,,,,,,,,,,,,,,,,35,25,15,15,,,,,,,,,65,90,15,15,,,,,,,,,65,25,15,15,,,,,,,,,55,25,45,10,,,,,,,,,25,60,45,4,,,,,,,,,25,90,0,0,,,,,,,,,,,,,,,,,,,,,,,,,,,,,,,,,,,
2022-04-05 20:02:22,2022-04-05 20:02:22,Survey Test,,100,0,True,2022-04-05 20:02:22,R_81wJkygLiiS4UlM,,,,,37.87360000000000326281224261038005352020263671875,-122.25700000000000500222085975110530853271484375,test,,No,45-60,Female,Faculty at UC Berkeley,Greater than $150k,3,Yes,Leisure,Phasellus scelerisque pharetra dictumst. Sem faucibus malesuada? Arcu? Dolorem. Ut. Blandit mi elementum volutpat.,2,Alternative B,Alternative A,Alternative B,Alternative C,Non congested travel time,25,Time in congestion,60,Shift in departure time,30,Travel cost,0,,,,,,,,,,,,,,,,,45,10,60,4,,,,,,,,,Non congested travel time,55,Time in congestion,40,Shift in departure time,30,Travel cost,15,,,,,,,,,,,,,,,,,55,60,15,4,,,,,,,,,Non congested travel time,35,Time in congestion,25,Shift in departure time,60,Travel cost,0,,,,,,,,,,,,,,,,,45,10,30,20,,,,,,,,,Non congested travel time,35,Time in congestion,60,Shift in departure time,0,Travel cost,15,,,,,,,,,,,,,,,,,65,10,0,0,,,,,,,,,Non congested travel time,35,Time in congestion,90,Shift in departure time,60,Travel cost,10,,,,,,,,,,,,,,,,,65,10,15,20,,,,,,,,,55,60,15,4,,,,,,,,,25,90,30,20,,,,,,,,,25,60,30,15,,,,,,,,,25,90,15,4,,,,,,,,,45,10,15,0,,,,,,,,,,,,,,,,,,,,,,,,,,,,,,,,,,,
2022-04-05 20:02:22,2022-04-05 20:02:22,Survey Test,,100,0,True,2022-04-05 20:02:22,R_7PvIdm13mdaa0qG,,,,,37.87360000000000326281224261038005352020263671875,-122.25700000000000500222085975110530853271484375,test,,Yes,18-25,Non-binary / third gender,Non UC Berkeley,Less than $50k,2,Yes,School,Laoreet? Tempus suscipit venenatis in pellentesque diam bibendum? Vel mattis.,2,Alternative A,Alternative C,Alternative A,Alternative A,Non congested travel time,65,Time in congestion,40,Shift in departure time,15,Travel cost,10,,,,,,,,,,,,,,,,,45,60,0,10,,,,,,,,,Non congested travel time,25,Time in congestion,60,Shift in departure time,45,Travel cost,0,,,,,,,,,,,,,,,,,55,10,60,20,,,,,,,,,Non congested travel time,45,Time in congestion,40,Shift in departure time,0,Travel cost,15,,,,,,,,,,,,,,,,,25,25,45,4,,,,,,,,,Non congested travel time,55,Time in congestion,10,Shift in departure time,60,Travel cost,10,,,,,,,,,,,,,,,,,45,90,15,0,,,,,,,,,Non congested travel time,65,Time in congestion,60,Shift in departure time,30,Travel cost,10,,,,,,,,,,,,,,,,,65,10,15,15,,,,,,,,,55,25,30,0,,,,,,,,,55,25,30,0,,,,,,,,,35,25,45,20,,,,,,,,,55,90,0,20,,,,,,,,,55,60,0,20,,,,,,,,,,,,,,,,,,,,,,,,,,,,,,,,,,,
2022-04-05 20:02:22,2022-04-05 20:02:22,Survey Test,,100,0,True,2022-04-05 20:02:22,R_6l3JIDfXkqwjvcq,,,,,37.87360000000000326281224261038005352020263671875,-122.25700000000000500222085975110530853271484375,test,,No,18-25,Non-binary / third gender,Non UC Berkeley,Less than $50k,4,Yes,Work,"Porta bibendum eleifend? Sed proin tellus, tellus ab venenatis tellus.",4,Alternative B,Alternative C,Alternative B,Alternative A,Non congested travel time,55,Time in congestion,40,Shift in departure time,45,Travel cost,15,,,,,,,,,,,,,,,,,35,25,15,20,,,,,,,,,Non congested travel time,35,Time in congestion,10,Shift in departure time,15,Travel cost,4,,,,,,,,,,,,,,,,,35,25,15,15,,,,,,,,,Non congested travel time,35,Time in congestion,60,Shift in departure time,60,Travel cost,20,,,,,,,,,,,,,,,,,55,10,15,4,,,,,,,,,Non congested travel time,25,Time in congestion,60,Shift in departure time,15,Travel cost,15,,,,,,,,,,,,,,,,,65,90,30,20,,,,,,,,,Non congested travel time,55,Time in congestion,60,Shift in departure time,30,Travel cost,10,,,,,,,,,,,,,,,,,55,40,15,0,,,,,,,,,55,25,60,10,,,,,,,,,35,10,15,15,,,,,,,,,45,90,60,4,,,,,,,,,25,40,15,10,,,,,,,,,35,60,0,15,,,,,,,,,,,,,,,,,,,,,,,,,,,,,,,,,,,
2022-04-05 20:02:22,2022-04-05 20:02:23,Survey Test,,100,1,True,2022-04-05 20:02:23,R_88483n3HKvd3qRg,,,,,37.87360000000000326281224261038005352020263671875,-122.25700000000000500222085975110530853271484375,test,,Yes,above 60,Prefer not to say,Faculty at UC Berkeley," $50k-150k",4,No,Work,"Velit ridiculus, dapibus tellus in vehicula felis magnis, mattis ab.",2,Alternative C,Alternative C,Alternative C,Alternative C,Non congested travel time,45,Time in congestion,40,Shift in departure time,0,Travel cost,20,,,,,,,,,,,,,,,,,45,90,45,4,,,,,,,,,Non congested travel time,35,Time in congestion,25,Shift in departure time,15,Travel cost,20,,,,,,,,,,,,,,,,,45,90,30,15,,,,,,,,,Non congested travel time,35,Time in congestion,40,Shift in departure time,30,Travel cost,20,,,,,,,,,,,,,,,,,55,90,30,15,,,,,,,,,Non congested travel time,35,Time in congestion,10,Shift in departure time,15,Travel cost,0,,,,,,,,,,,,,,,,,25,90,45,0,,,,,,,,,Non congested travel time,45,Time in congestion,25,Shift in departure time,30,Travel cost,20,,,,,,,,,,,,,,,,,55,60,30,15,,,,,,,,,35,25,30,4,,,,,,,,,55,10,45,0,,,,,,,,,45,90,30,0,,,,,,,,,45,90,30,4,,,,,,,,,45,10,30,10,,,,,,,,,,,,,,,,,,,,,,,,,,,,,,,,,,,
2022-04-05 20:02:23,2022-04-05 20:02:23,Survey Test,,100,0,True,2022-04-05 20:02:23,R_8dzs5H9rKwVibRA,,,,,37.87360000000000326281224261038005352020263671875,-122.25700000000000500222085975110530853271484375,test,,No,above 60,Non-binary / third gender,Faculty at UC Berkeley," $50k-150k",1,No,School,Tortor dui volutpat odio ullamcorper praesent donec nec culpa. Atque. Praesent dolorem a sollicitudin maecenas.,>=5,Alternative A,Alternative B,Alternative B,Alternative A,Non congested travel time,65,Time in congestion,10,Shift in departure time,30,Travel cost,15,,,,,,,,,,,,,,,,,65,40,0,15,,,,,,,,,Non congested travel time,35,Time in congestion,60,Shift in departure time,30,Travel cost,0,,,,,,,,,,,,,,,,,25,40,0,15,,,,,,,,,Non congested travel time,25,Time in congestion,90,Shift in departure time,60,Travel cost,15,,,,,,,,,,,,,,,,,55,40,45,10,,,,,,,,,Non congested travel time,25,Time in congestion,10,Shift in departure time,0,Travel cost,20,,,,,,,,,,,,,,,,,35,90,15,15,,,,,,,,,Non congested travel time,55,Time in congestion,90,Shift in departure time,45,Travel cost,15,,,,,,,,,,,,,,,,,35,60,0,4,,,,,,,,,65,40,15,10,,,,,,,,,65,90,60,4,,,,,,,,,65,40,30,20,,,,,,,,,55,40,15,10,,,,,,,,,65,90,0,20,,,,,,,,,,,,,,,,,,,,,,,,,,,,,,,,,,,
2022-04-05 20:02:23,2022-04-05 20:02:23,Survey Test,,100,0,True,2022-04-05 20:02:23,R_cGVEHjK6AdI5H26,,,,,37.87360000000000326281224261038005352020263671875,-122.25700000000000500222085975110530853271484375,test,,Yes,36-45,Female,Faculty at UC Berkeley," $50k-150k",2,No,Other,Porttitor? Suscipit nec sagittis quis? Consequat! Fringilla faucibus interdum tincidunt.,4,Alternative B,Alternative A,Alternative B,Alternative B,Non congested travel time,65,Time in congestion,40,Shift in departure time,30,Travel cost,0,,,,,,,,,,,,,,,,,55,10,30,10,,,,,,,,,Non congested travel time,45,Time in congestion,90,Shift in departure time,60,Travel cost,15,,,,,,,,,,,,,,,,,35,25,0,20,,,,,,,,,Non congested travel time,35,Time in congestion,90,Shift in departure time,0,Travel cost,10,,,,,,,,,,,,,,,,,55,40,45,4,,,,,,,,,Non congested travel time,25,Time in congestion,10,Shift in departure time,0,Travel cost,20,,,,,,,,,,,,,,,,,65,40,30,0,,,,,,,,,Non congested travel time,25,Time in congestion,40,Shift in departure time,0,Travel cost,10,,,,,,,,,,,,,,,,,45,25,0,10,,,,,,,,,65,60,45,15,,,,,,,,,65,10,30,20,,,,,,,,,25,40,30,10,,,,,,,,,65,10,0,4,,,,,,,,,35,10,15,20,,,,,,,,,,,,,,,,,,,,,,,,,,,,,,,,,,,
2022-04-05 20:02:23,2022-04-05 20:02:23,Survey Test,,100,0,True,2022-04-05 20:02:23,R_0ummwVdH3DelUYC,,,,,37.87360000000000326281224261038005352020263671875,-122.25700000000000500222085975110530853271484375,test,,Yes,18-25,Female,Non UC Berkeley,Less than $50k,1,No,School,Bibendum ligula quis magna praesent per sodales dui ullamcorper sem eu suspendisse tellus tempor.,4,Alternative A,Alternative C,Alternative A,Alternative B,Non congested travel time,45,Time in congestion,10,Shift in departure time,60,Travel cost,20,,,,,,,,,,,,,,,,,25,10,30,15,,,,,,,,,Non congested travel time,45,Time in congestion,60,Shift in departure time,45,Travel cost,10,,,,,,,,,,,,,,,,,45,90,15,20,,,,,,,,,Non congested travel time,35,Time in congestion,10,Shift in departure time,45,Travel cost,15,,,,,,,,,,,,,,,,,35,10,60,10,,,,,,,,,Non congested travel time,45,Time in congestion,25,Shift in departure time,15,Travel cost,4,,,,,,,,,,,,,,,,,45,40,30,10,,,,,,,,,Non congested travel time,35,Time in congestion,90,Shift in departure time,0,Travel cost,20,,,,,,,,,,,,,,,,,55,40,45,4,,,,,,,,,65,10,45,4,,,,,,,,,25,40,45,20,,,,,,,,,55,10,30,10,,,,,,,,,55,60,0,0,,,,,,,,,55,90,15,20,,,,,,,,,,,,,,,,,,,,,,,,,,,,,,,,,,,
2022-04-05 20:07:25,2022-04-05 20:07:41,Survey Preview,,100,15,True,2022-04-05 20:07:41,R_2mFoApKl5XbhvLb,,,,,37.87360000000000326281224261038005352020263671875,-122.25700000000000500222085975110530853271484375,preview,EN,,36-45,,,,,,,,,,,,,Non congested travel time,45,Time in congestion,60,Shift in departure time,0,Travel cost,10,,,,,,,,,,,,,,,,,25,10,45,4,,,,,,,,,Non congested travel time,65,Time in congestion,90,Shift in departure time,45,Travel cost,10,,,,,,,,,,,,,,,,,55,90,45,0,,,,,,,,,Non congested travel time,55,Time in congestion,90,Shift in departure time,60,Travel cost,15,,,,,,,,,,,,,,,,,35,90,30,4,,,,,,,,,Non congested travel time,45,Time in congestion,25,Shift in departure time,15,Travel cost,15,,,,,,,,,,,,,,,,,35,60,60,20,,,,,,,,,Non congested travel time,25,Time in congestion,40,Shift in departure time,45,Travel cost,4,,,,,,,,,,,,,,,,,35,10,15,10,,,,,,,,,55,60,30,4,,,,,,,,,25,90,30,4,,,,,,,,,45,40,30,4,,,,,,,,,55,40,15,20,,,,,,,,,55,90,60,15,,,,,,,,,,,,,,,,,,,,,,,,,,,,,,,,,,,
2022-04-05 19:52:11,2022-04-05 20:08:57,IP Address,136.152.143.148,100,1006,True,2022-04-05 20:08:57,R_2dlMH453nqBRu7r,,,,,37.87360000000000326281224261038005352020263671875,-122.25700000000000500222085975110530853271484375,anonymous,EN,,,,,,,,,,,,,,,Non congested travel time,65,Time in congestion,25,Shift in departure time,0,Travel cost,4,,,,,,,,,,,,,,,,,35,60,0,0,,,,,,,,,Non congested travel time,35,Time in congestion,10,Shift in departure time,45,Travel cost,15,,,,,,,,,,,,,,,,,25,10,15,4,,,,,,,,,Non congested travel time,55,Time in congestion,60,Shift in departure time,60,Travel cost,0,,,,,,,,,,,,,,,,,65,10,0,15,,,,,,,,,Non congested travel time,55,Time in congestion,40,Shift in departure time,30,Travel cost,4,,,,,,,,,,,,,,,,,25,60,15,0,,,,,,,,,Non congested travel time,25,Time in congestion,40,Shift in departure time,15,Travel cost,4,,,,,,,,,,,,,,,,,25,25,0,20,,,,,,,,,45,60,0,10,,,,,,,,,25,90,30,10,,,,,,,,,65,40,30,15,,,,,,,,,55,40,15,4,,,,,,,,,55,10,60,10,,,,,,,,,,,,,,,,,,,,,,,,,,,,,,,,,,,
2022-04-05 20:09:06,2022-04-05 20:10:43,Spam,136.152.143.148,100,97,True,2022-04-05 20:10:43,R_2wisstvW3rCoAux,,,,,37.87360000000000326281224261038005352020263671875,-122.25700000000000500222085975110530853271484375,anonymous,EN,,,,,,,,,,,,,,,Non congested travel time,65,Time in congestion,60,Shift in departure time,15,Travel cost,4,,,,,,,,,,,,,,,,,35,90,30,0,,,,,,,,,Non congested travel time,65,Time in congestion,90,Shift in departure time,45,Travel cost,15,,,,,,,,,,,,,,,,,35,40,0,4,,,,,,,,,Non congested travel time,45,Time in congestion,40,Shift in departure time,15,Travel cost,20,,,,,,,,,,,,,,,,,45,40,0,4,,,,,,,,,Non congested travel time,65,Time in congestion,25,Shift in departure time,60,Travel cost,20,,,,,,,,,,,,,,,,,25,10,30,4,,,,,,,,,Non congested travel time,65,Time in congestion,10,Shift in departure time,45,Travel cost,0,,,,,,,,,,,,,,,,,25,90,45,15,,,,,,,,,35,60,30,15,,,,,,,,,55,40,30,0,,,,,,,,,65,90,45,4,,,,,,,,,25,40,60,20,,,,,,,,,45,25,30,20,,,,,,,,,,,,,,,,,,,,,,,,,,,,,,,,,,,
2022-04-06 11:57:59,2022-04-06 11:59:26,IP Address,136.152.143.78,100,86,True,2022-04-06 11:59:26,R_1g6FWvYgkxoLTxe,,,,,37.87360000000000326281224261038005352020263671875,-122.25700000000000500222085975110530853271484375,anonymous,EN,Yes,26-35,Male,Student at UC Berkeley,Less than $50k,1,Yes,Work,10:00,2,Alternative C,Alternative B,Alternative A,Alternative B,Non congested travel time,35,Time in congestion,60,Shift in departure time,30,Travel cost,15,,,,,,,,,,,,,,,,,65,25,30,10,,,,,,,,,Non congested travel time,55,Time in congestion,10,Shift in departure time,45,Travel cost,4,,,,,,,,,,,,,,,,,35,40,0,0,,,,,,,,,Non congested travel time,45,Time in congestion,40,Shift in departure time,0,Travel cost,20,,,,,,,,,,,,,,,,,45,25,15,20,,,,,,,,,Non congested travel time,35,Time in congestion,10,Shift in departure time,60,Travel cost,20,,,,,,,,,,,,,,,,,45,40,45,20,,,,,,,,,Non congested travel time,65,Time in congestion,40,Shift in departure time,15,Travel cost,15,,,,,,,,,,,,,,,,,65,25,60,10,,,,,,,,,55,25,45,20,,,,,,,,,35,60,45,4,,,,,,,,,45,90,15,0,,,,,,,,,35,90,15,4,,,,,,,,,55,10,0,4,,,,,,,,,,,,,,,,,,,,,,,,,,,,,,,,,,,
2022-04-06 12:04:24,2022-04-06 12:07:12,IP Address,184.23.21.197,100,167,True,2022-04-06 12:07:12,R_2SITLy78UzMbOSw,,,,,37.86370000000000146656020660884678363800048828125,-122.2759999999999962483343551866710186004638671875,anonymous,EN,Yes,18-25,Male,Student at UC Berkeley,Less than $50k,1,No,Leisure,10:00,1,Alternative B,Alternative A,Alternative B,Alternative B,Non congested travel time,65,Time in congestion,40,Shift in departure time,60,Travel cost,20,,,,,,,,,,,,,,,,,45,10,45,15,,,,,,,,,Non congested travel time,45,Time in congestion,25,Shift in departure time,45,Travel cost,10,,,,,,,,,,,,,,,,,45,40,0,15,,,,,,,,,Non congested travel time,65,Time in congestion,90,Shift in departure time,30,Travel cost,0,,,,,,,,,,,,,,,,,45,25,15,10,,,,,,,,,Non congested travel time,55,Time in congestion,40,Shift in departure time,45,Travel cost,15,,,,,,,,,,,,,,,,,45,10,15,4,,,,,,,,,Non congested travel time,25,Time in congestion,90,Shift in departure time,60,Travel cost,15,,,,,,,,,,,,,,,,,35,60,15,10,,,,,,,,,55,40,30,10,,,,,,,,,65,60,30,0,,,,,,,,,45,40,30,4,,,,,,,,,55,25,45,20,,,,,,,,,25,90,45,15,,,,,,,,,,,,,,,,,,,,,,,,,,,,,,,,,,,
2022-04-06 12:17:28,2022-04-06 12:21:24,IP Address,184.23.22.203,100,236,True,2022-04-06 12:21:25,R_VOp2BXAvh112mTT,,,,,37.86370000000000146656020660884678363800048828125,-122.2759999999999962483343551866710186004638671875,anonymous,EN,Yes,18-25,Male,Student at UC Berkeley," $50k-150k",1,No,Leisure,20,3,Alternative B,Alternative B,Alternative A,Alternative A,Non congested travel time,45,Time in congestion,90,Shift in departure time,45,Travel cost,0,,,,,,,,,,,,,,,,,25,40,45,15,,,,,,,,,Non congested travel time,65,Time in congestion,90,Shift in departure time,0,Travel cost,10,,,,,,,,,,,,,,,,,35,40,60,0,,,,,,,,,Non congested travel time,65,Time in congestion,25,Shift in departure time,60,Travel cost,0,,,,,,,,,,,,,,,,,65,90,30,15,,,,,,,,,Non congested travel time,45,Time in congestion,25,Shift in departure time,30,Travel cost,4,,,,,,,,,,,,,,,,,45,40,15,10,,,,,,,,,Non congested travel time,65,Time in congestion,10,Shift in departure time,60,Travel cost,15,,,,,,,,,,,,,,,,,65,10,0,10,,,,,,,,,25,25,45,20,,,,,,,,,45,40,15,15,,,,,,,,,45,40,0,4,,,,,,,,,55,90,0,4,,,,,,,,,25,90,45,4,,,,,,,,,,,,,,,,,,,,,,,,,,,,,,,,,,,
2022-04-07 11:04:20,2022-04-07 11:12:06,IP Address,136.152.143.85,100,465,True,2022-04-07 11:12:07,R_2an4PEQHXB4wpmf,,,,,37.87360000000000326281224261038005352020263671875,-122.25700000000000500222085975110530853271484375,anonymous,EN,,,,,,,,,,,,,,,Non congested travel time,55,Time in congestion,90,Shift in departure time,0,Travel cost,0,,,,,,,,,,,,,,,,,65,60,0,10,,,,,,,,,Non congested travel time,35,Time in congestion,60,Shift in departure time,60,Travel cost,10,,,,,,,,,,,,,,,,,25,25,45,20,,,,,,,,,Non congested travel time,65,Time in congestion,60,Shift in departure time,45,Travel cost,4,,,,,,,,,,,,,,,,,35,25,30,20,,,,,,,,,Non congested travel time,35,Time in congestion,10,Shift in departure time,60,Travel cost,10,,,,,,,,,,,,,,,,,55,40,15,10,,,,,,,,,Non congested travel time,35,Time in congestion,10,Shift in departure time,45,Travel cost,0,,,,,,,,,,,,,,,,,65,60,0,20,,,,,,,,,45,25,30,4,,,,,,,,,45,25,60,20,,,,,,,,,65,10,30,10,,,,,,,,,25,10,15,4,,,,,,,,,25,90,45,15,,,,,,,,,,,,,,,,,,,,,,,,,,,,,,,,,,,
2022-04-06 20:19:17,2022-04-07 20:32:13,IP Address,136.152.37.33,100,87175,True,2022-04-07 20:32:13,R_2OVhy4HPvrxagPX,,,,,37.89059999999999917008608463220298290252685546875,-122.293599999999997862687450833618640899658203125,anonymous,EN,,,,,,,,,,,,,,,Non congested travel time,65,Time in congestion,60,Shift in departure time,45,Travel cost,0,,,,,,,,,,,,,,,,,55,40,0,4,,,,,,,,,Non congested travel time,55,Time in congestion,40,Shift in departure time,15,Travel cost,10,,,,,,,,,,,,,,,,,25,40,0,4,,,,,,,,,Non congested travel time,65,Time in congestion,90,Shift in departure time,45,Travel cost,4,,,,,,,,,,,,,,,,,55,10,30,10,,,,,,,,,Non congested travel time,35,Time in congestion,40,Shift in departure time,15,Travel cost,0,,,,,,,,,,,,,,,,,25,90,0,10,,,,,,,,,Non congested travel time,45,Time in congestion,40,Shift in departure time,45,Travel cost,0,,,,,,,,,,,,,,,,,35,25,45,10,,,,,,,,,65,60,30,0,,,,,,,,,35,40,30,4,,,,,,,,,35,10,30,20,,,,,,,,,45,10,30,10,,,,,,,,,25,90,15,4,,,,,,,,,,,,,,,,,,,,,,,,,,,,,,,,,,,
2022-04-07 20:32:15,2022-04-07 20:33:15,IP Address,136.152.37.33,100,60,True,2022-04-07 20:33:16,R_1Cf1up5oI9FA8Wa,,,,,37.89059999999999917008608463220298290252685546875,-122.293599999999997862687450833618640899658203125,anonymous,EN,Yes,"Below 18	",Male,Faculty at UC Berkeley,Greater than $150k,>=5,Yes,Work,5,1,Alternative B,Alternative A,Alternative C,Alternative A,Non congested travel time,55,Time in congestion,10,Shift in departure time,45,Travel cost,4,,,,,,,,,,,,,,,,,25,90,60,20,,,,,,,,,Non congested travel time,55,Time in congestion,90,Shift in departure time,30,Travel cost,15,,,,,,,,,,,,,,,,,25,10,45,20,,,,,,,,,Non congested travel time,35,Time in congestion,90,Shift in departure time,45,Travel cost,0,,,,,,,,,,,,,,,,,25,10,0,4,,,,,,,,,Non congested travel time,45,Time in congestion,25,Shift in departure time,45,Travel cost,0,,,,,,,,,,,,,,,,,35,60,45,4,,,,,,,,,Non congested travel time,45,Time in congestion,60,Shift in departure time,60,Travel cost,0,,,,,,,,,,,,,,,,,45,10,60,10,,,,,,,,,55,60,60,20,,,,,,,,,25,40,30,20,,,,,,,,,35,10,15,20,,,,,,,,,25,10,45,4,,,,,,,,,45,90,30,4,,,,,,,,,,,,,,,,,,,,,,,,,,,,,,,,,,,
2022-04-08 10:22:56,2022-04-09 05:19:43,IP Address,136.152.37.33,100,68207,True,2022-04-09 05:19:44,R_ZKnr0NIs5DUW6GJ,,,,,37.890594482421875,-122.2935943603515625,anonymous,EN,,,,,,,,,,,,,,,Non congested travel time,65,Time in congestion,40,Shift in departure time,0,Travel cost,20,,,,,,,,,,,,,,,,,55,90,45,0,,,,,,,,,Non congested travel time,25,Time in congestion,60,Shift in departure time,0,Travel cost,4,,,,,,,,,,,,,,,,,35,60,45,0,,,,,,,,,Non congested travel time,45,Time in congestion,60,Shift in departure time,15,Travel cost,10,,,,,,,,,,,,,,,,,65,10,15,20,,,,,,,,,Non congested travel time,55,Time in congestion,90,Shift in departure time,15,Travel cost,10,,,,,,,,,,,,,,,,,55,60,30,0,,,,,,,,,Non congested travel time,65,Time in congestion,10,Shift in departure time,45,Travel cost,20,,,,,,,,,,,,,,,,,65,60,60,0,,,,,,,,,55,25,60,20,,,,,,,,,35,25,0,20,,,,,,,,,55,25,15,10,,,,,,,,,55,90,15,0,,,,,,,,,65,10,60,0,,,,,,,,,,,,,,,,,,,,,,,,,,,,,,,,,,,
2022-04-08 10:56:53,2022-04-09 10:45:47,IP Address,184.23.21.197,100,85733,True,2022-04-09 10:45:47,R_27BeeENMKrD0doQ,,,,,37.8636932373046875,-122.2760009765625,anonymous,EN,,,,,,,,,,,,,,,Non congested travel time,25,Time in congestion,40,Shift in departure time,60,Travel cost,20,,,,,,,,,,,,,,,,,65,40,45,20,,,,,,,,,Non congested travel time,65,Time in congestion,10,Shift in departure time,0,Travel cost,20,,,,,,,,,,,,,,,,,55,90,30,15,,,,,,,,,Non congested travel time,55,Time in congestion,40,Shift in departure time,45,Travel cost,20,,,,,,,,,,,,,,,,,25,60,30,10,,,,,,,,,Non congested travel time,65,Time in congestion,60,Shift in departure time,45,Travel cost,10,,,,,,,,,,,,,,,,,45,25,0,20,,,,,,,,,Non congested travel time,55,Time in congestion,90,Shift in departure time,0,Travel cost,0,,,,,,,,,,,,,,,,,35,25,0,4,,,,,,,,,35,60,60,4,,,,,,,,,45,40,30,20,,,,,,,,,45,90,45,15,,,,,,,,,25,25,45,20,,,,,,,,,35,10,15,15,,,,,,,,,,,,,,,,,,,,,,,,,,,,,,,,,,,
2022-04-07 11:12:12,2022-04-09 10:54:25,IP Address,157.131.242.135,100,171732,True,2022-04-09 10:54:25,R_W73z5RYHgftcOUp,,,,,37.8921966552734375,-122.2729034423828125,anonymous,EN,,,,,,,,,,,,,,,Non congested travel time,35,Time in congestion,90,Shift in departure time,60,Travel cost,10,,,,,,,,,,,,,,,,,65,25,60,20,,,,,,,,,Non congested travel time,35,Time in congestion,90,Shift in departure time,15,Travel cost,0,,,,,,,,,,,,,,,,,45,90,30,10,,,,,,,,,Non congested travel time,35,Time in congestion,60,Shift in departure time,15,Travel cost,15,,,,,,,,,,,,,,,,,45,10,60,4,,,,,,,,,Non congested travel time,25,Time in congestion,40,Shift in departure time,15,Travel cost,10,,,,,,,,,,,,,,,,,25,40,30,20,,,,,,,,,Non congested travel time,55,Time in congestion,40,Shift in departure time,45,Travel cost,0,,,,,,,,,,,,,,,,,55,10,0,0,,,,,,,,,25,40,45,15,,,,,,,,,65,40,30,20,,,,,,,,,25,40,15,0,,,,,,,,,45,25,30,0,,,,,,,,,45,60,0,0,,,,,,,,,,,,,,,,,,,,,,,,,,,,,,,,,,,
2022-04-07 15:13:42,2022-04-09 11:21:17,IP Address,184.23.22.203,100,158855,True,2022-04-09 11:21:18,R_2Xb5TzvTzFsmzEO,,,,,37.868194580078125,-122.2864990234375,anonymous,EN,Yes,18-25,Male,Student at UC Berkeley," $50k-150k",1,No,Leisure,20,3,Alternative B,Alternative C,Alternative C,Alternative B,Non congested travel time,65,Time in congestion,25,Shift in departure time,0,Travel cost,4,,,,,,,,,,,,,,,,,35,10,60,0,,,,,,,,,Non congested travel time,55,Time in congestion,40,Shift in departure time,60,Travel cost,15,,,,,,,,,,,,,,,,,45,10,45,15,,,,,,,,,Non congested travel time,25,Time in congestion,60,Shift in departure time,15,Travel cost,20,,,,,,,,,,,,,,,,,35,10,0,15,,,,,,,,,Non congested travel time,45,Time in congestion,40,Shift in departure time,30,Travel cost,0,,,,,,,,,,,,,,,,,25,10,30,4,,,,,,,,,Non congested travel time,45,Time in congestion,90,Shift in departure time,45,Travel cost,4,,,,,,,,,,,,,,,,,65,90,60,10,,,,,,,,,45,40,60,0,,,,,,,,,25,10,30,15,,,,,,,,,55,40,60,15,,,,,,,,,25,60,45,20,,,,,,,,,25,25,15,15,,,,,,,,,,,,,,,,,,,,,,,,,,,,,,,,,,,
2022-04-09 11:21:23,2022-04-09 11:22:50,IP Address,184.23.22.203,100,86,True,2022-04-09 11:22:51,R_3ESTY4BgOnddlJ2,,,,,37.868194580078125,-122.2864990234375,anonymous,EN,Yes,18-25,Male,Student at UC Berkeley," $50k-150k",1,No,Leisure,20,3,Alternative B,Alternative C,Alternative A,Alternative B,Additional time taken than using Richmond Bridge,15,Time in congestion,60,Shift in departure time,-60,Travel cost,15,,,,,,,,,,,,,,,,,30,0,90,4,,,,,,,,,Additional time taken than using Richmond Bridge,45,Time in congestion,40,Shift in departure time,0,Travel cost,4,,,,,,,,,,,,,,,,,5,0,60,20,,,,,,,,,Additional time taken than using Richmond Bridge,15,Time in congestion,10,Shift in departure time,0,Travel cost,15,,,,,,,,,,,,,,,,,45,0,30,10,,,,,,,,,Additional time taken than using Richmond Bridge,45,Time in congestion,25,Shift in departure time,60,Travel cost,10,,,,,,,,,,,,,,,,,30,25,60,4,,,,,,,,,Additional time taken than using Richmond Bridge,15,Time in congestion,0,Shift in departure time,-90,Travel cost,20,,,,,,,,,,,,,,,,,60,25,-60,4,,,,,,,,,30,40,60,0,,,,,,,,,60,60,30,0,,,,,,,,,15,60,0,4,,,,,,,,,45,40,30,4,,,,,,,,,5,10,-90,15,,,,,,,,,,,,,,,,,,,,,,,,,,,,,,,,,,,
2022-04-09 19:16:00,2022-04-09 19:17:17,IP Address,175.167.140.186,100,77,True,2022-04-09 19:17:17,R_1DPcdf2Uj7GykP9,,,,,39.907501220703125,116.397186279296875,anonymous,EN,No,18-25,Female,Student at UC Berkeley,Less than $50k,1,No,,,,Alternative B,Alternative C,Alternative A,Alternative A,Additional time taken than using Richmond Bridge,15,Time in congestion,60,Shift in departure time,60,Travel cost,10,,,,,,,,,,,,,,,,,45,25,-30,10,,,,,,,,,Additional time taken than using Richmond Bridge,30,Time in congestion,60,Shift in departure time,30,Travel cost,4,,,,,,,,,,,,,,,,,45,25,60,10,,,,,,,,,Additional time taken than using Richmond Bridge,15,Time in congestion,10,Shift in departure time,30,Travel cost,20,,,,,,,,,,,,,,,,,15,60,60,0,,,,,,,,,Additional time taken than using Richmond Bridge,15,Time in congestion,60,Shift in departure time,90,Travel cost,0,,,,,,,,,,,,,,,,,15,60,-30,20,,,,,,,,,Additional time taken than using Richmond Bridge,30,Time in congestion,40,Shift in departure time,30,Travel cost,10,,,,,,,,,,,,,,,,,30,10,-60,10,,,,,,,,,60,25,-90,4,,,,,,,,,45,25,-60,0,,,,,,,,,60,10,90,10,,,,,,,,,5,40,-60,15,,,,,,,,,45,0,90,4,,,,,,,,,,,,,,,,,,,,,,,,,,,,,,,,,,,
2022-04-10 19:51:22,2022-04-10 19:54:55,IP Address,136.152.37.33,100,213,True,2022-04-10 19:54:55,R_3MtcUtBAcYMv8la,,,,,37.890594482421875,-122.2935943603515625,anonymous,EN,Yes,26-35,Male,Non UC Berkeley,Greater than $150k,2,Yes,Leisure,11,1,Alternative A,Alternative A,Alternative A,Alternative B,Additional time taken than using Richmond Bridge,15,Time in congestion,10,Shift in departure time,0,Travel cost,15,,,,,,,,,,,,,,,,,5,25,-60,15,,,,,,,,,Additional time taken than using Richmond Bridge,60,Time in congestion,25,Shift in departure time,60,Travel cost,4,,,,,,,,,,,,,,,,,30,60,-30,20,,,,,,,,,Additional time taken than using Richmond Bridge,60,Time in congestion,25,Shift in departure time,60,Travel cost,15,,,,,,,,,,,,,,,,,45,40,30,20,,,,,,,,,Additional time taken than using Richmond Bridge,60,Time in congestion,0,Shift in departure time,60,Travel cost,20,,,,,,,,,,,,,,,,,5,40,90,20,,,,,,,,,Additional time taken than using Richmond Bridge,5,Time in congestion,0,Shift in departure time,-60,Travel cost,15,,,,,,,,,,,,,,,,,15,60,-60,20,,,,,,,,,30,0,60,4,,,,,,,,,60,60,-90,15,,,,,,,,,15,0,30,10,,,,,,,,,60,60,0,15,,,,,,,,,30,10,30,10,,,,,,,,,,,,,,,,,,,,,,,,,,,,,,,,,,,
2022-04-11 09:33:45,2022-04-11 09:37:10,IP Address,73.133.138.79,100,205,True,2022-04-11 09:37:11,R_xgtcCSBbojohbOx,,,,,38.80780029296875,-77.05229949951171875,anonymous,EN,Yes,26-35,Male,Student at UC Berkeley," $50k-150k",2,No,Shopping,17,3,Alternative C,Alternative A,Alternative C,Alternative C,Additional time taken than using Richmond Bridge,30,Time in congestion,40,Shift in departure time,-60,Travel cost,20,,,,,,,,,,,,,,,,,5,40,-30,15,,,,,,,,,Additional time taken than using Richmond Bridge,5,Time in congestion,10,Shift in departure time,60,Travel cost,0,,,,,,,,,,,,,,,,,5,10,-60,20,,,,,,,,,Additional time taken than using Richmond Bridge,5,Time in congestion,60,Shift in departure time,-90,Travel cost,10,,,,,,,,,,,,,,,,,5,25,60,10,,,,,,,,,Additional time taken than using Richmond Bridge,45,Time in congestion,40,Shift in departure time,-90,Travel cost,0,,,,,,,,,,,,,,,,,5,25,-60,4,,,,,,,,,Additional time taken than using Richmond Bridge,30,Time in congestion,0,Shift in departure time,0,Travel cost,0,,,,,,,,,,,,,,,,,5,40,90,0,,,,,,,,,15,40,30,4,,,,,,,,,15,60,-90,0,,,,,,,,,15,60,-90,0,,,,,,,,,5,0,60,10,,,,,,,,,30,10,-90,10,,,,,,,,,,,,,,,,,,,,,,,,,,,,,,,,,,,
2022-04-11 10:17:56,2022-04-11 10:23:53,IP Address,136.152.44.163,100,357,True,2022-04-11 10:23:54,R_2axcZwjziCJiZ1u,,,,,37.890594482421875,-122.2935943603515625,anonymous,EN,Yes,26-35,Female,Student at UC Berkeley,Less than $50k,1,No,Leisure,11,1,Alternative C,Alternative C,Alternative A,Alternative C,Additional time taken than using Richmond Bridge,60,Time in congestion,10,Shift in departure time,60,Travel cost,15,,,,,,,,,,,,,,,,,30,25,90,0,,,,,,,,,Additional time taken than using Richmond Bridge,15,Time in congestion,10,Shift in departure time,60,Travel cost,20,,,,,,,,,,,,,,,,,15,0,60,20,,,,,,,,,Additional time taken than using Richmond Bridge,30,Time in congestion,25,Shift in departure time,-30,Travel cost,4,,,,,,,,,,,,,,,,,45,60,30,10,,,,,,,,,Additional time taken than using Richmond Bridge,15,Time in congestion,60,Shift in departure time,-90,Travel cost,0,,,,,,,,,,,,,,,,,15,25,-60,20,,,,,,,,,Additional time taken than using Richmond Bridge,15,Time in congestion,10,Shift in departure time,-90,Travel cost,15,,,,,,,,,,,,,,,,,60,60,-30,15,,,,,,,,,5,40,-90,0,,,,,,,,,45,40,90,20,,,,,,,,,5,60,-60,15,,,,,,,,,15,40,-60,15,,,,,,,,,15,60,-30,15,,,,,,,,,,,,,,,,,,,,,,,,,,,,,,,,,,,
2022-04-11 16:35:43,2022-04-11 16:38:37,IP Address,76.126.177.30,100,174,True,2022-04-11 16:38:37,R_2WIhXEkGiKdkbYI,,,,,37.8921966552734375,-122.2729034423828125,anonymous,EN,Yes,18-25,Male,Student at UC Berkeley,Less than $50k,1,Yes,Leisure,3,1,Alternative A,Alternative C,Alternative A,Alternative A,Additional time taken than using Richmond Bridge,15,Time in congestion,0,Shift in departure time,-60,Travel cost,4,,,,,,,,,,,,,,,,,45,25,0,10,,,,,,,,,Additional time taken than using Richmond Bridge,60,Time in congestion,25,Shift in departure time,30,Travel cost,10,,,,,,,,,,,,,,,,,45,10,-60,0,,,,,,,,,Additional time taken than using Richmond Bridge,5,Time in congestion,0,Shift in departure time,-60,Travel cost,20,,,,,,,,,,,,,,,,,45,60,-60,4,,,,,,,,,Additional time taken than using Richmond Bridge,5,Time in congestion,10,Shift in departure time,-90,Travel cost,10,,,,,,,,,,,,,,,,,5,40,30,4,,,,,,,,,Additional time taken than using Richmond Bridge,15,Time in congestion,40,Shift in departure time,0,Travel cost,4,,,,,,,,,,,,,,,,,15,10,30,4,,,,,,,,,60,0,-30,0,,,,,,,,,30,0,-60,0,,,,,,,,,5,25,-60,0,,,,,,,,,45,40,90,20,,,,,,,,,30,10,90,20,,,,,,,,,,,,,,,,,,,,,,,,,,,,,,,,,,,
2022-04-11 16:38:05,2022-04-11 16:41:00,IP Address,172.56.39.195,100,175,True,2022-04-11 16:41:00,R_33w38neptubKX07,,,,,37.7794036865234375,-122.217803955078125,anonymous,EN,Yes,18-25,Male,Student at UC Berkeley,Less than $50k,4,Yes,Leisure,9,1,Alternative C,Alternative A,Alternative A,Alternative B,Additional time taken than using Richmond Bridge,30,Time in congestion,40,Shift in departure time,0,Travel cost,20,,,,,,,,,,,,,,,,,60,25,-90,10,,,,,,,,,Additional time taken than using Richmond Bridge,30,Time in congestion,40,Shift in departure time,30,Travel cost,15,,,,,,,,,,,,,,,,,30,40,-90,10,,,,,,,,,Additional time taken than using Richmond Bridge,15,Time in congestion,0,Shift in departure time,0,Travel cost,15,,,,,,,,,,,,,,,,,45,0,30,20,,,,,,,,,Additional time taken than using Richmond Bridge,45,Time in congestion,25,Shift in departure time,-30,Travel cost,10,,,,,,,,,,,,,,,,,15,40,60,4,,,,,,,,,Additional time taken than using Richmond Bridge,15,Time in congestion,0,Shift in departure time,0,Travel cost,0,,,,,,,,,,,,,,,,,45,0,30,20,,,,,,,,,15,25,-30,0,,,,,,,,,30,60,0,10,,,,,,,,,60,25,60,4,,,,,,,,,5,40,-90,4,,,,,,,,,15,0,-90,15,,,,,,,,,,,,,,,,,,,,,,,,,,,,,,,,,,,
2022-04-11 16:41:22,2022-04-11 16:44:17,IP Address,67.170.238.52,100,174,True,2022-04-11 16:44:17,R_2TNSDN8sXdDi27L,,,,,37.8657073974609375,-122.2570953369140625,anonymous,EN,Yes,18-25,Male,Student at UC Berkeley,Less than $50k,2,No,Leisure,18,1,Alternative A,Alternative A,Alternative A,Alternative B,Additional time taken than using Richmond Bridge,5,Time in congestion,60,Shift in departure time,60,Travel cost,0,,,,,,,,,,,,,,,,,45,0,-60,4,,,,,,,,,Additional time taken than using Richmond Bridge,45,Time in congestion,25,Shift in departure time,-30,Travel cost,0,,,,,,,,,,,,,,,,,5,25,-60,4,,,,,,,,,Additional time taken than using Richmond Bridge,5,Time in congestion,10,Shift in departure time,90,Travel cost,0,,,,,,,,,,,,,,,,,5,40,60,10,,,,,,,,,Additional time taken than using Richmond Bridge,60,Time in congestion,25,Shift in departure time,-90,Travel cost,10,,,,,,,,,,,,,,,,,30,60,90,4,,,,,,,,,Additional time taken than using Richmond Bridge,5,Time in congestion,40,Shift in departure time,-60,Travel cost,4,,,,,,,,,,,,,,,,,30,10,90,4,,,,,,,,,5,60,30,4,,,,,,,,,5,40,0,15,,,,,,,,,15,25,90,15,,,,,,,,,60,60,60,10,,,,,,,,,5,40,0,0,,,,,,,,,,,,,,,,,,,,,,,,,,,,,,,,,,,
2022-04-11 16:44:59,2022-04-11 16:47:58,IP Address,136.152.143.72,100,178,True,2022-04-11 16:47:59,R_1duDD2dqMc1dQrB,,,,,37.8657073974609375,-122.2570953369140625,anonymous,EN,Yes,26-35,Female,Student at UC Berkeley,Less than $50k,3,Yes,Leisure,10,1,Alternative B,Alternative A,Alternative C,Alternative A,Additional time taken than using Richmond Bridge,5,Time in congestion,0,Shift in departure time,60,Travel cost,20,,,,,,,,,,,,,,,,,45,40,30,10,,,,,,,,,Additional time taken than using Richmond Bridge,15,Time in congestion,25,Shift in departure time,30,Travel cost,4,,,,,,,,,,,,,,,,,60,10,0,4,,,,,,,,,Additional time taken than using Richmond Bridge,15,Time in congestion,60,Shift in departure time,-30,Travel cost,10,,,,,,,,,,,,,,,,,60,25,-90,4,,,,,,,,,Additional time taken than using Richmond Bridge,30,Time in congestion,0,Shift in departure time,60,Travel cost,15,,,,,,,,,,,,,,,,,45,0,-30,20,,,,,,,,,Additional time taken than using Richmond Bridge,15,Time in congestion,60,Shift in departure time,60,Travel cost,20,,,,,,,,,,,,,,,,,45,0,30,0,,,,,,,,,60,0,0,4,,,,,,,,,15,40,-60,4,,,,,,,,,60,0,-30,20,,,,,,,,,45,25,-60,0,,,,,,,,,60,25,-90,20,,,,,,,,,,,,,,,,,,,,,,,,,,,,,,,,,,,
2022-04-09 10:45:50,2022-04-11 17:13:26,IP Address,192.31.105.144,100,196055,True,2022-04-11 17:13:26,R_24faO4sm80krEci,,,,,37.87359619140625,-122.2570037841796875,anonymous,EN,,,,,,,,,,,,,,,Additional time taken than using Richmond Bridge,60,Time in congestion,0,Shift in departure time,0,Travel cost,15,,,,,,,,,,,,,,,,,60,0,-90,0,,,,,,,,,Additional time taken than using Richmond Bridge,45,Time in congestion,0,Shift in departure time,-60,Travel cost,4,,,,,,,,,,,,,,,,,60,25,-30,4,,,,,,,,,Additional time taken than using Richmond Bridge,60,Time in congestion,40,Shift in departure time,60,Travel cost,15,,,,,,,,,,,,,,,,,30,40,30,15,,,,,,,,,Additional time taken than using Richmond Bridge,15,Time in congestion,60,Shift in departure time,-30,Travel cost,0,,,,,,,,,,,,,,,,,15,60,30,4,,,,,,,,,Additional time taken than using Richmond Bridge,5,Time in congestion,25,Shift in departure time,60,Travel cost,15,,,,,,,,,,,,,,,,,60,40,0,15,,,,,,,,,15,0,60,15,,,,,,,,,45,10,30,10,,,,,,,,,60,40,-60,20,,,,,,,,,5,0,60,10,,,,,,,,,15,25,30,0,,,,,,,,,,,,,,,,,,,,,,,,,,,,,,,,,,,
2022-04-11 17:19:34,2022-04-11 17:22:43,IP Address,136.152.143.93,100,189,True,2022-04-11 17:22:44,R_25nSBd3TcEmGM93,,,,,37.8657073974609375,-122.2570953369140625,anonymous,EN,Yes,18-25,Male,Student at UC Berkeley,Less than $50k,1,No,Leisure,10,1,Alternative C,Alternative B,Alternative C,Alternative B,Additional time taken than using Richmond Bridge,15,Time in congestion,0,Shift in departure time,30,Travel cost,20,,,,,,,,,,,,,,,,,60,0,60,4,,,,,,,,,Additional time taken than using Richmond Bridge,15,Time in congestion,40,Shift in departure time,-90,Travel cost,4,,,,,,,,,,,,,,,,,30,0,-60,4,,,,,,,,,Additional time taken than using Richmond Bridge,45,Time in congestion,60,Shift in departure time,-30,Travel cost,10,,,,,,,,,,,,,,,,,45,40,30,20,,,,,,,,,Additional time taken than using Richmond Bridge,5,Time in congestion,60,Shift in departure time,-90,Travel cost,0,,,,,,,,,,,,,,,,,15,25,-60,0,,,,,,,,,Additional time taken than using Richmond Bridge,45,Time in congestion,60,Shift in departure time,90,Travel cost,10,,,,,,,,,,,,,,,,,30,0,30,10,,,,,,,,,5,40,90,0,,,,,,,,,45,40,0,0,,,,,,,,,5,10,60,4,,,,,,,,,15,40,60,4,,,,,,,,,30,10,-90,4,,,,,,,,,,,,,,,,,,,,,,,,,,,,,,,,,,,
2022-04-11 17:23:37,2022-04-11 17:25:48,IP Address,192.31.105.214,100,130,True,2022-04-11 17:25:48,R_basNaSDp13zMyZz,,,,,37.87359619140625,-122.2570037841796875,anonymous,EN,No,18-25,Male,Student at UC Berkeley,Less than $50k,1,No,,,,Alternative A,Alternative B,Alternative A,Alternative A,Additional time taken than using Richmond Bridge,30,Time in congestion,25,Shift in departure time,-30,Travel cost,0,,,,,,,,,,,,,,,,,60,0,60,20,,,,,,,,,Additional time taken than using Richmond Bridge,30,Time in congestion,25,Shift in departure time,-60,Travel cost,0,,,,,,,,,,,,,,,,,30,40,-90,4,,,,,,,,,Additional time taken than using Richmond Bridge,5,Time in congestion,40,Shift in departure time,-30,Travel cost,0,,,,,,,,,,,,,,,,,60,25,-60,4,,,,,,,,,Additional time taken than using Richmond Bridge,30,Time in congestion,25,Shift in departure time,-30,Travel cost,15,,,,,,,,,,,,,,,,,60,60,90,15,,,,,,,,,Additional time taken than using Richmond Bridge,15,Time in congestion,10,Shift in departure time,90,Travel cost,10,,,,,,,,,,,,,,,,,60,40,30,20,,,,,,,,,30,10,-60,15,,,,,,,,,60,0,90,0,,,,,,,,,30,10,-30,20,,,,,,,,,45,0,60,4,,,,,,,,,30,60,60,4,,,,,,,,,,,,,,,,,,,,,,,,,,,,,,,,,,,
2022-04-11 17:25:02,2022-04-11 17:29:00,IP Address,98.51.0.248,100,238,True,2022-04-11 17:29:00,R_1mryF7dKuNSsaqh,,,,,37.795806884765625,-122.4203033447265625,anonymous,EN,Yes,18-25,Female,Student at UC Berkeley,Less than $50k,3,No,Other,12,1,Alternative C,Alternative A,Alternative C,Alternative A,Additional time taken than using Richmond Bridge,60,Time in congestion,10,Shift in departure time,90,Travel cost,0,,,,,,,,,,,,,,,,,45,10,0,0,,,,,,,,,Additional time taken than using Richmond Bridge,30,Time in congestion,0,Shift in departure time,-90,Travel cost,10,,,,,,,,,,,,,,,,,60,40,60,4,,,,,,,,,Additional time taken than using Richmond Bridge,5,Time in congestion,60,Shift in departure time,60,Travel cost,4,,,,,,,,,,,,,,,,,15,25,0,20,,,,,,,,,Additional time taken than using Richmond Bridge,5,Time in congestion,25,Shift in departure time,0,Travel cost,20,,,,,,,,,,,,,,,,,5,25,30,20,,,,,,,,,Additional time taken than using Richmond Bridge,5,Time in congestion,25,Shift in departure time,0,Travel cost,0,,,,,,,,,,,,,,,,,15,0,60,15,,,,,,,,,60,60,60,4,,,,,,,,,30,10,90,0,,,,,,,,,45,60,-90,15,,,,,,,,,30,25,-60,20,,,,,,,,,30,0,30,0,,,,,,,,,,,,,,,,,,,,,,,,,,,,,,,,,,,
2022-04-11 17:26:49,2022-04-11 17:29:18,IP Address,71.202.182.166,100,148,True,2022-04-11 17:29:18,R_272SnSddlT6f8VH,,,,,37.8766937255859375,-122.26760101318359375,anonymous,EN,Yes,18-25,Female,Student at UC Berkeley,Less than $50k,3,No,Leisure,22,2,Alternative A,Alternative A,Alternative A,Alternative B,Additional time taken than using Richmond Bridge,5,Time in congestion,25,Shift in departure time,-90,Travel cost,0,,,,,,,,,,,,,,,,,45,0,-90,15,,,,,,,,,Additional time taken than using Richmond Bridge,45,Time in congestion,10,Shift in departure time,-90,Travel cost,4,,,,,,,,,,,,,,,,,15,10,60,20,,,,,,,,,Additional time taken than using Richmond Bridge,30,Time in congestion,0,Shift in departure time,-60,Travel cost,4,,,,,,,,,,,,,,,,,45,25,60,15,,,,,,,,,Additional time taken than using Richmond Bridge,5,Time in congestion,25,Shift in departure time,60,Travel cost,0,,,,,,,,,,,,,,,,,15,25,-30,10,,,,,,,,,Additional time taken than using Richmond Bridge,30,Time in congestion,10,Shift in departure time,60,Travel cost,15,,,,,,,,,,,,,,,,,15,60,0,10,,,,,,,,,30,40,-30,4,,,,,,,,,15,40,30,15,,,,,,,,,30,0,-30,15,,,,,,,,,15,25,-90,20,,,,,,,,,60,25,90,10,,,,,,,,,,,,,,,,,,,,,,,,,,,,,,,,,,,
2022-04-11 17:26:58,2022-04-11 17:30:01,IP Address,136.152.143.159,100,183,True,2022-04-11 17:30:01,R_1GWhvEfL3eNfMbJ,,,,,37.8657073974609375,-122.2570953369140625,anonymous,EN,Yes,18-25,Male,Student at UC Berkeley,Less than $50k,3,No,Leisure,24,2,Alternative B,Alternative B,Alternative A,Alternative B,Additional time taken than using Richmond Bridge,30,Time in congestion,0,Shift in departure time,60,Travel cost,10,,,,,,,,,,,,,,,,,5,60,90,0,,,,,,,,,Additional time taken than using Richmond Bridge,15,Time in congestion,25,Shift in departure time,60,Travel cost,15,,,,,,,,,,,,,,,,,5,25,-30,10,,,,,,,,,Additional time taken than using Richmond Bridge,60,Time in congestion,0,Shift in departure time,-90,Travel cost,10,,,,,,,,,,,,,,,,,60,60,60,15,,,,,,,,,Additional time taken than using Richmond Bridge,45,Time in congestion,60,Shift in departure time,60,Travel cost,10,,,,,,,,,,,,,,,,,30,40,0,15,,,,,,,,,Additional time taken than using Richmond Bridge,45,Time in congestion,60,Shift in departure time,90,Travel cost,0,,,,,,,,,,,,,,,,,45,60,-90,4,,,,,,,,,15,10,60,10,,,,,,,,,15,60,-30,10,,,,,,,,,45,25,60,20,,,,,,,,,5,25,-60,10,,,,,,,,,45,10,60,10,,,,,,,,,,,,,,,,,,,,,,,,,,,,,,,,,,,
2022-04-11 17:30:15,2022-04-11 17:33:50,IP Address,136.152.143.48,100,215,True,2022-04-11 17:33:50,R_3h3CAP5S82Eo285,,,,,37.8657073974609375,-122.2570953369140625,anonymous,EN,No,18-25,Male,Student at UC Berkeley,Less than $50k,1,No,Leisure,11,1,Alternative C,Alternative B,Alternative B,Alternative B,Additional time taken than using Richmond Bridge,60,Time in congestion,25,Shift in departure time,-30,Travel cost,15,,,,,,,,,,,,,,,,,30,60,0,0,,,,,,,,,Additional time taken than using Richmond Bridge,60,Time in congestion,25,Shift in departure time,-30,Travel cost,20,,,,,,,,,,,,,,,,,5,60,30,0,,,,,,,,,Additional time taken than using Richmond Bridge,60,Time in congestion,25,Shift in departure time,60,Travel cost,15,,,,,,,,,,,,,,,,,30,25,60,4,,,,,,,,,Additional time taken than using Richmond Bridge,30,Time in congestion,10,Shift in departure time,-30,Travel cost,0,,,,,,,,,,,,,,,,,15,0,90,0,,,,,,,,,Additional time taken than using Richmond Bridge,15,Time in congestion,10,Shift in departure time,0,Travel cost,20,,,,,,,,,,,,,,,,,30,10,60,15,,,,,,,,,5,60,60,4,,,,,,,,,15,40,0,0,,,,,,,,,45,60,0,4,,,,,,,,,45,40,-60,4,,,,,,,,,5,40,30,4,,,,,,,,,,,,,,,,,,,,,,,,,,,,,,,,,,,
2022-04-11 17:35:33,2022-04-11 17:44:00,IP Address,71.202.15.2,100,506,True,2022-04-11 17:44:01,R_2uBqk8xnBLVShi5,,,,,37.8657073974609375,-122.2570953369140625,anonymous,EN,Yes,26-35,Female,Student at UC Berkeley,Less than $50k,2,No,Other,9,1,Alternative C,Alternative C,Alternative C,Alternative A,Additional time taken than using Richmond Bridge,5,Time in congestion,40,Shift in departure time,0,Travel cost,15,,,,,,,,,,,,,,,,,45,0,0,0,,,,,,,,,Additional time taken than using Richmond Bridge,5,Time in congestion,0,Shift in departure time,0,Travel cost,0,,,,,,,,,,,,,,,,,30,0,90,0,,,,,,,,,Additional time taken than using Richmond Bridge,30,Time in congestion,0,Shift in departure time,90,Travel cost,20,,,,,,,,,,,,,,,,,15,60,-30,15,,,,,,,,,Additional time taken than using Richmond Bridge,5,Time in congestion,0,Shift in departure time,-90,Travel cost,15,,,,,,,,,,,,,,,,,30,25,0,0,,,,,,,,,Additional time taken than using Richmond Bridge,45,Time in congestion,40,Shift in departure time,60,Travel cost,4,,,,,,,,,,,,,,,,,15,10,-90,20,,,,,,,,,60,40,30,0,,,,,,,,,30,0,0,10,,,,,,,,,30,10,90,15,,,,,,,,,30,0,-60,4,,,,,,,,,30,0,-30,10,,,,,,,,,,,,,,,,,,,,,,,,,,,,,,,,,,,
2022-04-11 17:30:48,2022-04-11 17:45:41,IP Address,216.40.21.186,100,893,True,2022-04-11 17:45:41,R_1Fb4ApUjlVq2WRA,,,,,37.8657073974609375,-122.2570953369140625,anonymous,EN,No,18-25,Female,Student at UC Berkeley,Less than $50k,4,No,Leisure,20,1,Alternative A,Alternative B,Alternative A,Alternative A,Additional time taken than using Richmond Bridge,45,Time in congestion,25,Shift in departure time,60,Travel cost,0,,,,,,,,,,,,,,,,,15,40,90,0,,,,,,,,,Additional time taken than using Richmond Bridge,30,Time in congestion,10,Shift in departure time,-60,Travel cost,20,,,,,,,,,,,,,,,,,15,60,-30,10,,,,,,,,,Additional time taken than using Richmond Bridge,5,Time in congestion,10,Shift in departure time,-60,Travel cost,10,,,,,,,,,,,,,,,,,45,40,60,20,,,,,,,,,Additional time taken than using Richmond Bridge,5,Time in congestion,10,Shift in departure time,0,Travel cost,15,,,,,,,,,,,,,,,,,15,25,0,4,,,,,,,,,Additional time taken than using Richmond Bridge,30,Time in congestion,60,Shift in departure time,60,Travel cost,0,,,,,,,,,,,,,,,,,5,25,60,20,,,,,,,,,30,40,-90,0,,,,,,,,,30,10,0,4,,,,,,,,,30,40,60,10,,,,,,,,,30,60,-30,4,,,,,,,,,15,10,30,10,,,,,,,,,,,,,,,,,,,,,,,,,,,,,,,,,,,
2022-04-11 18:30:27,2022-04-11 18:32:49,IP Address,73.71.87.175,100,141,True,2022-04-11 18:32:49,R_2wtuQbK6f1SFkIo,,,,,37.810699462890625,-122.247894287109375,anonymous,EN,Yes,26-35,Male,Non UC Berkeley,Greater than $150k,1,Yes,Shopping,17,1,Alternative A,Alternative B,Alternative B,Alternative A,Additional time taken than using Richmond Bridge,30,Time in congestion,25,Shift in departure time,0,Travel cost,10,,,,,,,,,,,,,,,,,15,10,60,20,,,,,,,,,Additional time taken than using Richmond Bridge,60,Time in congestion,0,Shift in departure time,30,Travel cost,15,,,,,,,,,,,,,,,,,5,25,60,10,,,,,,,,,Additional time taken than using Richmond Bridge,60,Time in congestion,60,Shift in departure time,-90,Travel cost,15,,,,,,,,,,,,,,,,,30,60,0,10,,,,,,,,,Additional time taken than using Richmond Bridge,5,Time in congestion,40,Shift in departure time,-30,Travel cost,20,,,,,,,,,,,,,,,,,45,25,0,20,,,,,,,,,Additional time taken than using Richmond Bridge,30,Time in congestion,0,Shift in departure time,90,Travel cost,4,,,,,,,,,,,,,,,,,60,25,-60,10,,,,,,,,,5,60,0,15,,,,,,,,,15,60,30,0,,,,,,,,,60,40,-60,10,,,,,,,,,5,0,-30,4,,,,,,,,,60,25,0,4,,,,,,,,,,,,,,,,,,,,,,,,,,,,,,,,,,,
2022-04-11 17:25:21,2022-04-11 20:43:39,IP Address,73.162.7.46,100,11897,True,2022-04-11 20:43:39,R_Tk0gCiSZshHaOkx,,,,,37.8657073974609375,-122.2570953369140625,anonymous,EN,Yes,18-25,Female,Student at UC Berkeley,Less than $50k,2,No,,,,Alternative C,Alternative C,Alternative A,Alternative A,Additional time taken than using Richmond Bridge,45,Time in congestion,60,Shift in departure time,90,Travel cost,4,,,,,,,,,,,,,,,,,60,40,-30,20,,,,,,,,,Additional time taken than using Richmond Bridge,45,Time in congestion,40,Shift in departure time,90,Travel cost,15,,,,,,,,,,,,,,,,,60,0,-60,4,,,,,,,,,Additional time taken than using Richmond Bridge,5,Time in congestion,25,Shift in departure time,90,Travel cost,10,,,,,,,,,,,,,,,,,60,25,0,0,,,,,,,,,Additional time taken than using Richmond Bridge,5,Time in congestion,0,Shift in departure time,30,Travel cost,0,,,,,,,,,,,,,,,,,45,40,-90,0,,,,,,,,,Additional time taken than using Richmond Bridge,15,Time in congestion,40,Shift in departure time,-90,Travel cost,10,,,,,,,,,,,,,,,,,60,10,-60,15,,,,,,,,,45,10,-60,20,,,,,,,,,30,60,-30,15,,,,,,,,,15,10,90,10,,,,,,,,,45,40,-60,15,,,,,,,,,5,25,-90,15,,,,,,,,,,,,,,,,,,,,,,,,,,,,,,,,,,,
2022-04-11 21:12:01,2022-04-11 21:13:47,IP Address,71.202.181.58,100,105,True,2022-04-11 21:13:47,R_b8cyICsqcdlu9Yl,,,,,37.8766937255859375,-122.26760101318359375,anonymous,EN,Yes,18-25,Female,Student at UC Berkeley,Less than $50k,3,No,Leisure,10,1,Alternative B,Alternative B,Alternative C,Alternative C,Additional time taken than using Richmond Bridge,45,Time in congestion,10,Shift in departure time,0,Travel cost,4,,,,,,,,,,,,,,,,,5,0,30,10,,,,,,,,,Additional time taken than using Richmond Bridge,60,Time in congestion,40,Shift in departure time,30,Travel cost,20,,,,,,,,,,,,,,,,,5,25,0,4,,,,,,,,,Additional time taken than using Richmond Bridge,15,Time in congestion,40,Shift in departure time,-30,Travel cost,15,,,,,,,,,,,,,,,,,15,60,-90,20,,,,,,,,,Additional time taken than using Richmond Bridge,60,Time in congestion,60,Shift in departure time,60,Travel cost,20,,,,,,,,,,,,,,,,,60,0,-60,10,,,,,,,,,Additional time taken than using Richmond Bridge,30,Time in congestion,25,Shift in departure time,-30,Travel cost,15,,,,,,,,,,,,,,,,,15,40,-30,4,,,,,,,,,45,25,0,0,,,,,,,,,15,60,90,0,,,,,,,,,45,25,-30,10,,,,,,,,,15,10,0,0,,,,,,,,,30,60,0,10,,,,,,,,,,,,,,,,,,,,,,,,,,,,,,,,,,,
2022-04-11 21:26:05,2022-04-11 21:26:51,IP Address,175.167.138.185,100,46,True,2022-04-11 21:26:52,R_2VaQjGWc3Se8iRi,,,,,39.907501220703125,116.397186279296875,anonymous,EN,No,18-25,Female,Student at UC Berkeley,Less than $50k,1,No,,,,Alternative B,Alternative A,Alternative C,Alternative B,Additional time taken than using Richmond Bridge,60,Time in congestion,40,Shift in departure time,60,Travel cost,15,,,,,,,,,,,,,,,,,5,40,60,4,,,,,,,,,Additional time taken than using Richmond Bridge,30,Time in congestion,40,Shift in departure time,30,Travel cost,0,,,,,,,,,,,,,,,,,45,25,-30,0,,,,,,,,,Additional time taken than using Richmond Bridge,60,Time in congestion,40,Shift in departure time,-30,Travel cost,15,,,,,,,,,,,,,,,,,15,0,-30,20,,,,,,,,,Additional time taken than using Richmond Bridge,30,Time in congestion,40,Shift in departure time,30,Travel cost,10,,,,,,,,,,,,,,,,,60,40,30,4,,,,,,,,,Additional time taken than using Richmond Bridge,5,Time in congestion,25,Shift in departure time,-60,Travel cost,10,,,,,,,,,,,,,,,,,45,10,-30,0,,,,,,,,,45,0,90,15,,,,,,,,,60,10,90,20,,,,,,,,,45,25,30,20,,,,,,,,,15,0,0,15,,,,,,,,,5,0,-90,0,,,,,,,,,,,,,,,,,,,,,,,,,,,,,,,,,,,
2022-04-11 21:58:27,2022-04-11 22:00:57,IP Address,135.180.47.32,100,149,True,2022-04-11 22:00:58,R_1lfsf5zBHbf9XZa,,,,,37.8921966552734375,-122.2729034423828125,anonymous,EN,Yes,18-25,Female,Student at UC Berkeley,Less than $50k,3,No,Leisure,8,1,Alternative A,Alternative B,Alternative A,Alternative B,Additional time taken than using Richmond Bridge,15,Time in congestion,40,Shift in departure time,-30,Travel cost,20,,,,,,,,,,,,,,,,,60,10,-60,20,,,,,,,,,Additional time taken than using Richmond Bridge,15,Time in congestion,40,Shift in departure time,-90,Travel cost,15,,,,,,,,,,,,,,,,,5,10,90,20,,,,,,,,,Additional time taken than using Richmond Bridge,45,Time in congestion,10,Shift in departure time,-90,Travel cost,0,,,,,,,,,,,,,,,,,15,60,30,4,,,,,,,,,Additional time taken than using Richmond Bridge,5,Time in congestion,0,Shift in departure time,0,Travel cost,15,,,,,,,,,,,,,,,,,45,40,30,4,,,,,,,,,Additional time taken than using Richmond Bridge,5,Time in congestion,10,Shift in departure time,60,Travel cost,0,,,,,,,,,,,,,,,,,30,0,-30,4,,,,,,,,,5,40,30,4,,,,,,,,,30,60,-60,10,,,,,,,,,15,60,-90,10,,,,,,,,,5,25,-30,0,,,,,,,,,60,10,90,4,,,,,,,,,,,,,,,,,,,,,,,,,,,,,,,,,,,
2022-04-12 19:38:32,2022-04-12 19:40:03,IP Address,73.252.138.7,100,90,True,2022-04-12 19:40:03,R_3CVkM5xNYPngz0Q,,,,,37.9269,-122.3313,anonymous,EN,Yes,26-35,Male,Student at UC Berkeley,Less than $50k,2,Yes,Leisure,9,1,Alternative C,Alternative C,Alternative C,Alternative C,Additional time taken than using Richmond Bridge,45,Time in congestion,25,Shift in departure time,30,Travel cost,10,,,,,,,,,,,,,,,,,5,0,30,15,,,,,,,,,Additional time taken than using Richmond Bridge,45,Time in congestion,25,Shift in departure time,-30,Travel cost,15,,,,,,,,,,,,,,,,,30,0,60,20,,,,,,,,,Additional time taken than using Richmond Bridge,45,Time in congestion,25,Shift in departure time,0,Travel cost,10,,,,,,,,,,,,,,,,,5,10,90,20,,,,,,,,,Additional time taken than using Richmond Bridge,15,Time in congestion,10,Shift in departure time,-30,Travel cost,10,,,,,,,,,,,,,,,,,15,10,-30,20,,,,,,,,,Additional time taken than using Richmond Bridge,45,Time in congestion,0,Shift in departure time,-30,Travel cost,10,,,,,,,,,,,,,,,,,5,0,90,4,,,,,,,,,60,0,90,0,,,,,,,,,60,0,60,4,,,,,,,,,15,25,90,0,,,,,,,,,30,0,60,15,,,,,,,,,5,10,30,0,,,,,,,,,,,,,,,,,,,,,,,,,,,,,,,,,,,
2022-04-12 20:56:19,2022-04-12 21:00:33,IP Address,67.169.13.153,100,253,True,2022-04-12 21:00:33,R_1E4iVIodtUuU8Vj,,,,,37.8922,-122.2729,anonymous,EN,Yes,26-35,Male,Student at UC Berkeley," $50k-150k",3,Yes,Leisure,12,1,Alternative A,Alternative B,Alternative A,Alternative A,Additional time taken than using Richmond Bridge,60,Time in congestion,40,Shift in departure time,0,Travel cost,0,,,,,,,,,,,,,,,,,60,25,60,0,,,,,,,,,Additional time taken than using Richmond Bridge,30,Time in congestion,40,Shift in departure time,-90,Travel cost,4,,,,,,,,,,,,,,,,,30,25,-90,10,,,,,,,,,Additional time taken than using Richmond Bridge,15,Time in congestion,0,Shift in departure time,-30,Travel cost,10,,,,,,,,,,,,,,,,,15,60,90,10,,,,,,,,,Additional time taken than using Richmond Bridge,15,Time in congestion,25,Shift in departure time,-30,Travel cost,0,,,,,,,,,,,,,,,,,45,60,60,0,,,,,,,,,Additional time taken than using Richmond Bridge,5,Time in congestion,60,Shift in departure time,90,Travel cost,15,,,,,,,,,,,,,,,,,15,60,0,0,,,,,,,,,60,0,-60,10,,,,,,,,,15,25,0,10,,,,,,,,,30,25,30,15,,,,,,,,,45,60,60,4,,,,,,,,,30,60,-60,0,,,,,,,,,,,,,,,,,,,,,,,,,,,,,,,,,,,
2022-04-12 22:37:05,2022-04-12 22:39:01,IP Address,135.180.40.222,100,115,True,2022-04-12 22:39:01,R_DMMLHi2YKqGCV3P,,,,,37.8637,-122.276,anonymous,EN,Yes,26-35,Female,Student at UC Berkeley,Less than $50k,1,Yes,Leisure,3 PM,1,Alternative B,Alternative B,Alternative C,Alternative C,Additional time taken than using Richmond Bridge,15,Time in congestion,60,Shift in departure time,30,Travel cost,4,,,,,,,,,,,,,,,,,5,0,0,15,,,,,,,,,Additional time taken than using Richmond Bridge,60,Time in congestion,25,Shift in departure time,0,Travel cost,4,,,,,,,,,,,,,,,,,30,0,0,10,,,,,,,,,Additional time taken than using Richmond Bridge,30,Time in congestion,25,Shift in departure time,0,Travel cost,10,,,,,,,,,,,,,,,,,30,25,0,0,,,,,,,,,Additional time taken than using Richmond Bridge,15,Time in congestion,25,Shift in departure time,30,Travel cost,0,,,,,,,,,,,,,,,,,5,40,-60,4,,,,,,,,,Additional time taken than using Richmond Bridge,45,Time in congestion,25,Shift in departure time,0,Travel cost,20,,,,,,,,,,,,,,,,,60,60,-60,4,,,,,,,,,30,25,30,0,,,,,,,,,60,10,30,0,,,,,,,,,45,0,60,4,,,,,,,,,30,40,60,0,,,,,,,,,30,25,60,20,,,,,,,,,,,,,,,,,,,,,,,,,,,,,,,,,,,
2022-04-12 22:51:46,2022-04-12 22:56:15,IP Address,192.184.221.66,100,269,True,2022-04-12 22:56:15,R_3dG0ri8pIKTUPYR,,,,,37.8736,-122.257,anonymous,EN,Yes,26-35,Male,Student at UC Berkeley," $50k-150k",1,Yes,Leisure,10,1,Alternative A,Alternative C,Alternative A,Alternative C,Additional time taken than using Richmond Bridge,5,Time in congestion,60,Shift in departure time,-30,Travel cost,10,,,,,,,,,,,,,,,,,5,25,-90,15,,,,,,,,,Additional time taken than using Richmond Bridge,60,Time in congestion,40,Shift in departure time,0,Travel cost,15,,,,,,,,,,,,,,,,,45,60,60,0,,,,,,,,,Additional time taken than using Richmond Bridge,30,Time in congestion,25,Shift in departure time,30,Travel cost,15,,,,,,,,,,,,,,,,,30,60,0,20,,,,,,,,,Additional time taken than using Richmond Bridge,60,Time in congestion,0,Shift in departure time,30,Travel cost,10,,,,,,,,,,,,,,,,,60,10,0,15,,,,,,,,,Additional time taken than using Richmond Bridge,30,Time in congestion,40,Shift in departure time,60,Travel cost,0,,,,,,,,,,,,,,,,,30,10,-30,20,,,,,,,,,15,10,30,15,,,,,,,,,15,0,90,4,,,,,,,,,45,10,30,0,,,,,,,,,5,60,60,15,,,,,,,,,15,40,-90,4,,,,,,,,,,,,,,,,,,,,,,,,,,,,,,,,,,,
2022-04-12 23:18:52,2022-04-12 23:20:17,IP Address,98.35.111.73,100,84,True,2022-04-12 23:20:17,R_9yruGNuRSxsUEBb,,,,,37.9043,-122.0584,anonymous,EN,Yes,18-25,Non-binary / third gender,Non UC Berkeley," $50k-150k",2,No,Shopping,20,1,Alternative C,Alternative C,Alternative C,Alternative C,Additional time taken than using Richmond Bridge,60,Time in congestion,0,Shift in departure time,-90,Travel cost,0,,,,,,,,,,,,,,,,,15,25,-60,0,,,,,,,,,Additional time taken than using Richmond Bridge,15,Time in congestion,0,Shift in departure time,0,Travel cost,10,,,,,,,,,,,,,,,,,30,40,90,4,,,,,,,,,Additional time taken than using Richmond Bridge,30,Time in congestion,40,Shift in departure time,-60,Travel cost,0,,,,,,,,,,,,,,,,,60,40,90,20,,,,,,,,,Additional time taken than using Richmond Bridge,15,Time in congestion,0,Shift in departure time,60,Travel cost,20,,,,,,,,,,,,,,,,,30,40,60,15,,,,,,,,,Additional time taken than using Richmond Bridge,60,Time in congestion,0,Shift in departure time,-60,Travel cost,4,,,,,,,,,,,,,,,,,60,25,60,4,,,,,,,,,30,40,30,4,,,,,,,,,5,60,30,0,,,,,,,,,15,25,-30,4,,,,,,,,,45,25,-30,4,,,,,,,,,45,60,0,15,,,,,,,,,,,,,,,,,,,,,,,,,,,,,,,,,,,
2022-04-06 12:08:08,2022-04-06 12:09:08,IP Address,136.152.143.103,71,59,False,2022-04-13 12:12:15,R_2VeZVMaqqLQiT2w,,,,,,,anonymous,EN,Yes,26-35,Female,Student at UC Berkeley,Less than $50k,2,Yes,Work,5,1,,,,,Non congested travel time,45,Time in congestion,60,Shift in departure time,45,Travel cost,20,,,,,,,,,,,,,,,,,55,90,30,15,,,,,,,,,Non congested travel time,55,Time in congestion,10,Shift in departure time,60,Travel cost,0,,,,,,,,,,,,,,,,,55,25,0,10,,,,,,,,,Non congested travel time,45,Time in congestion,25,Shift in departure time,15,Travel cost,0,,,,,,,,,,,,,,,,,35,90,15,20,,,,,,,,,Non congested travel time,65,Time in congestion,25,Shift in departure time,15,Travel cost,20,,,,,,,,,,,,,,,,,65,25,30,0,,,,,,,,,Non congested travel time,55,Time in congestion,60,Shift in departure time,45,Travel cost,15,,,,,,,,,,,,,,,,,35,25,30,20,,,,,,,,,25,40,0,10,,,,,,,,,25,10,60,20,,,,,,,,,65,60,15,0,,,,,,,,,45,40,0,20,,,,,,,,,25,60,0,15,,,,,,,,,,,,,,,,,,,,,,,,,,,,,,,,,,,
2022-04-13 14:22:56,2022-04-13 14:24:33,IP Address,136.152.143.54,100,96,True,2022-04-13 14:24:34,R_1rcf907nKyI43PP,,,,,37.8657,-122.2571,anonymous,EN,Yes,26-35,Non-binary / third gender,Student at UC Berkeley,Less than $50k,3,No,,,,Alternative C,Alternative C,Alternative C,Alternative C,Additional time taken than using Richmond Bridge,30,Time in congestion,0,Shift in departure time,90,Travel cost,4,,,,,,,,,,,,,,,,,15,60,-60,15,,,,,,,,,Additional time taken than using Richmond Bridge,5,Time in congestion,60,Shift in departure time,30,Travel cost,4,,,,,,,,,,,,,,,,,60,60,30,15,,,,,,,,,Additional time taken than using Richmond Bridge,15,Time in congestion,0,Shift in departure time,-60,Travel cost,10,,,,,,,,,,,,,,,,,60,0,90,4,,,,,,,,,Additional time taken than using Richmond Bridge,60,Time in congestion,10,Shift in departure time,-30,Travel cost,15,,,,,,,,,,,,,,,,,60,40,90,15,,,,,,,,,Additional time taken than using Richmond Bridge,60,Time in congestion,40,Shift in departure time,30,Travel cost,4,,,,,,,,,,,,,,,,,30,25,-90,4,,,,,,,,,30,40,0,10,,,,,,,,,15,25,-90,15,,,,,,,,,45,10,60,4,,,,,,,,,60,40,0,0,,,,,,,,,45,10,60,4,,,,,,,,,,,,,,,,,,,,,,,,,,,,,,,,,,,
2022-04-13 18:47:07,2022-04-13 18:51:36,IP Address,192.31.105.199,100,269,True,2022-04-13 18:51:37,R_2V7tja9YgWaojJM,,,,,37.8736,-122.257,anonymous,EN,Yes,26-35,Female,Student at UC Berkeley,Less than $50k,1,Yes,Leisure,9,1,Alternative A,Alternative C,Alternative B,Alternative B,Additional time taken than using Richmond Bridge,30,Time in congestion,40,Shift in departure time,90,Travel cost,10,,,,,,,,,,,,,,,,,30,60,-90,4,,,,,,,,,Additional time taken than using Richmond Bridge,60,Time in congestion,40,Shift in departure time,-90,Travel cost,15,,,,,,,,,,,,,,,,,60,0,30,20,,,,,,,,,Additional time taken than using Richmond Bridge,30,Time in congestion,60,Shift in departure time,-90,Travel cost,20,,,,,,,,,,,,,,,,,5,10,-90,4,,,,,,,,,Additional time taken than using Richmond Bridge,45,Time in congestion,60,Shift in departure time,-60,Travel cost,4,,,,,,,,,,,,,,,,,15,40,90,20,,,,,,,,,Additional time taken than using Richmond Bridge,5,Time in congestion,10,Shift in departure time,-60,Travel cost,10,,,,,,,,,,,,,,,,,30,40,90,0,,,,,,,,,60,60,60,0,,,,,,,,,5,60,60,4,,,,,,,,,45,0,60,4,,,,,,,,,30,0,-30,10,,,,,,,,,5,25,0,10,,,,,,,,,,,,,,,,,,,,,,,,,,,,,,,,,,,
2022-04-13 21:27:42,2022-04-13 21:29:59,IP Address,136.152.143.40,100,136,True,2022-04-13 21:29:59,R_3Pq4uV1qcpM0cs9,,,,,37.8657,-122.2571,anonymous,EN,Yes,26-35,Female,Student at UC Berkeley,Greater than $150k,1,Yes,Leisure,11,1,Alternative C,Alternative A,Alternative A,Alternative C,Additional time taken than using Richmond Bridge,5,Time in congestion,25,Shift in departure time,-30,Travel cost,4,,,,,,,,,,,,,,,,,15,0,60,15,,,,,,,,,Additional time taken than using Richmond Bridge,60,Time in congestion,25,Shift in departure time,90,Travel cost,4,,,,,,,,,,,,,,,,,45,60,60,15,,,,,,,,,Additional time taken than using Richmond Bridge,5,Time in congestion,0,Shift in departure time,60,Travel cost,15,,,,,,,,,,,,,,,,,45,10,0,20,,,,,,,,,Additional time taken than using Richmond Bridge,45,Time in congestion,40,Shift in departure time,30,Travel cost,4,,,,,,,,,,,,,,,,,15,40,-30,4,,,,,,,,,Additional time taken than using Richmond Bridge,5,Time in congestion,25,Shift in departure time,90,Travel cost,0,,,,,,,,,,,,,,,,,15,60,-90,10,,,,,,,,,45,25,90,4,,,,,,,,,45,0,30,10,,,,,,,,,60,25,90,15,,,,,,,,,30,40,90,0,,,,,,,,,30,0,-60,10,,,,,,,,,,,,,,,,,,,,,,,,,,,,,,,,,,,
2022-04-13 23:06:26,2022-04-13 23:08:57,IP Address,135.180.0.130,100,151,True,2022-04-13 23:08:58,R_xF2QYEuCw9iFx17,,,,,37.8668,-122.2924,anonymous,EN,Yes,26-35,Female,Student at UC Berkeley," $50k-150k",1,Yes,Other,10,1,Alternative B,Alternative B,Alternative C,Alternative C,Additional time taken than using Richmond Bridge,45,Time in congestion,40,Shift in departure time,0,Travel cost,10,,,,,,,,,,,,,,,,,45,0,0,0,,,,,,,,,Additional time taken than using Richmond Bridge,45,Time in congestion,25,Shift in departure time,-60,Travel cost,10,,,,,,,,,,,,,,,,,15,25,-60,4,,,,,,,,,Additional time taken than using Richmond Bridge,45,Time in congestion,60,Shift in departure time,-90,Travel cost,15,,,,,,,,,,,,,,,,,5,10,90,0,,,,,,,,,Additional time taken than using Richmond Bridge,60,Time in congestion,25,Shift in departure time,-90,Travel cost,10,,,,,,,,,,,,,,,,,30,10,-60,10,,,,,,,,,Additional time taken than using Richmond Bridge,45,Time in congestion,60,Shift in departure time,30,Travel cost,10,,,,,,,,,,,,,,,,,45,0,30,0,,,,,,,,,45,0,-30,15,,,,,,,,,30,40,-30,15,,,,,,,,,45,25,90,0,,,,,,,,,30,0,-60,15,,,,,,,,,5,25,60,15,,,,,,,,,,,,,,,,,,,,,,,,,,,,,,,,,,,
2022-04-14 18:15:59,2022-04-14 18:18:52,IP Address,98.210.241.118,100,172,True,2022-04-14 18:18:52,R_3kvThKRQOt1q7cE,,,,,37.8371,-122.2773,anonymous,EN,Yes,26-35,Female,Student at UC Berkeley," $50k-150k",2,Yes,Leisure,10AM,1,Alternative A,Alternative B,Alternative B,Alternative B,Additional time taken than using Richmond Bridge,30,Time in congestion,60,Shift in departure time,30,Travel cost,10,,,,,,,,,,,,,,,,,60,10,90,20,,,,,,,,,Additional time taken than using Richmond Bridge,5,Time in congestion,60,Shift in departure time,30,Travel cost,4,,,,,,,,,,,,,,,,,5,10,-60,0,,,,,,,,,Additional time taken than using Richmond Bridge,60,Time in congestion,40,Shift in departure time,-30,Travel cost,20,,,,,,,,,,,,,,,,,5,0,-90,15,,,,,,,,,Additional time taken than using Richmond Bridge,45,Time in congestion,25,Shift in departure time,90,Travel cost,20,,,,,,,,,,,,,,,,,30,40,30,0,,,,,,,,,Additional time taken than using Richmond Bridge,30,Time in congestion,0,Shift in departure time,90,Travel cost,20,,,,,,,,,,,,,,,,,30,10,-60,20,,,,,,,,,45,0,-30,15,,,,,,,,,5,40,-60,20,,,,,,,,,5,25,0,0,,,,,,,,,60,60,-90,10,,,,,,,,,15,10,0,0,,,,,,,,,,,,,,,,,,,,,,,,,,,,,,,,,,,
2022-04-14 18:15:33,2022-04-14 18:48:04,IP Address,112.65.61.72,100,1951,True,2022-04-14 18:48:04,R_bxDcYdXMTYaaL4Z,,,,,31.242,121.476,anonymous,EN,Yes,18-25,Male,Non UC Berkeley,Less than $50k,1,No,Other,12AM,4,Alternative B,Alternative A,Alternative B,Alternative A,Additional time taken than using Richmond Bridge,60,Time in congestion,25,Shift in departure time,-90,Travel cost,0,,,,,,,,,,,,,,,,,15,25,-30,10,,,,,,,,,Additional time taken than using Richmond Bridge,60,Time in congestion,0,Shift in departure time,60,Travel cost,4,,,,,,,,,,,,,,,,,5,10,90,10,,,,,,,,,Additional time taken than using Richmond Bridge,15,Time in congestion,40,Shift in departure time,-60,Travel cost,4,,,,,,,,,,,,,,,,,5,0,90,15,,,,,,,,,Additional time taken than using Richmond Bridge,45,Time in congestion,60,Shift in departure time,30,Travel cost,0,,,,,,,,,,,,,,,,,45,0,30,15,,,,,,,,,Additional time taken than using Richmond Bridge,45,Time in congestion,0,Shift in departure time,-90,Travel cost,20,,,,,,,,,,,,,,,,,30,10,-30,4,,,,,,,,,45,0,-90,0,,,,,,,,,5,0,60,20,,,,,,,,,5,60,60,10,,,,,,,,,45,0,-90,0,,,,,,,,,15,10,90,20,,,,,,,,,,,,,,,,,,,,,,,,,,,,,,,,,,,
2022-04-14 19:38:52,2022-04-14 19:41:29,IP Address,223.104.150.116,100,157,True,2022-04-14 19:41:30,R_2c6Dsx0CdDjOYAw,,,,,32.0589,118.7738,anonymous,EN,Yes,18-25,Male,Non UC Berkeley,Less than $50k,4,No,Shopping,40 for 9am,1,Alternative A,Alternative A,Alternative C,Alternative B,Additional time taken than using Richmond Bridge,30,Time in congestion,0,Shift in departure time,-60,Travel cost,10,,,,,,,,,,,,,,,,,15,10,60,0,,,,,,,,,Additional time taken than using Richmond Bridge,30,Time in congestion,10,Shift in departure time,-60,Travel cost,10,,,,,,,,,,,,,,,,,5,40,-90,0,,,,,,,,,Additional time taken than using Richmond Bridge,30,Time in congestion,40,Shift in departure time,0,Travel cost,4,,,,,,,,,,,,,,,,,45,0,90,0,,,,,,,,,Additional time taken than using Richmond Bridge,5,Time in congestion,10,Shift in departure time,30,Travel cost,15,,,,,,,,,,,,,,,,,30,0,60,20,,,,,,,,,Additional time taken than using Richmond Bridge,30,Time in congestion,0,Shift in departure time,60,Travel cost,0,,,,,,,,,,,,,,,,,5,25,0,10,,,,,,,,,15,60,60,10,,,,,,,,,45,40,90,15,,,,,,,,,45,25,30,20,,,,,,,,,5,10,90,20,,,,,,,,,30,25,-90,10,,,,,,,,,,,,,,,,,,,,,,,,,,,,,,,,,,,
2022-04-14 20:52:27,2022-04-14 20:54:35,IP Address,122.193.199.195,100,128,True,2022-04-14 20:54:36,R_1g2xBUMcTgPP6KY,,,,,31.1893,121.4749,anonymous,EN,Yes,18-25,Male,Non UC Berkeley,Less than $50k,1,No,,,,,,,,Additional time taken than using Richmond Bridge,15,Time in congestion,10,Shift in departure time,-30,Travel cost,0,,,,,,,,,,,,,,,,,5,40,-30,15,,,,,,,,,Additional time taken than using Richmond Bridge,45,Time in congestion,60,Shift in departure time,-60,Travel cost,20,,,,,,,,,,,,,,,,,45,40,30,15,,,,,,,,,Additional time taken than using Richmond Bridge,5,Time in congestion,0,Shift in departure time,-90,Travel cost,0,,,,,,,,,,,,,,,,,5,60,90,4,,,,,,,,,Additional time taken than using Richmond Bridge,5,Time in congestion,25,Shift in departure time,-90,Travel cost,0,,,,,,,,,,,,,,,,,15,10,60,20,,,,,,,,,Additional time taken than using Richmond Bridge,45,Time in congestion,60,Shift in departure time,30,Travel cost,0,,,,,,,,,,,,,,,,,15,25,-60,15,,,,,,,,,60,60,30,4,,,,,,,,,45,0,30,15,,,,,,,,,30,10,-30,15,,,,,,,,,60,60,-90,10,,,,,,,,,5,40,-90,4,,,,,,,,,,,,,,,,,,,,,,,,,,,,,,,,,,,
